EQUI-5	at 91	aged 91	2
SPE1-3	Former Nazi death camp guard Demjanjuk	John Demjanjuk convicted Nazi death camp guard	6
EQUI-5	dead	dies	1
EQUI-5	to compete	To Compete	2
REL-3	Saudis	Saudi Women	1
EQUI-5	in Olympics	At Olympics	2
EQUI-5	women	Saudi Women	1
EQUI-5	to permit	Allowed	1
EQUI-5	kills	kills	1
SPE1-4	US drone strike	Drone strike	2
EQUI-5	in Pakistan	in Pakistan	2
SIMI-4	5 militants	four suspected militants	2
SPE1-2	Syria peace plan conditions	Syria peace	2
EQUI-5	Syrian regime	Syria	1
EQUI-5	in Houla massacre	for Houla massacre	3
EQUI-5	China stocks	Chinese stocks	2
SPE2-4	Friday	midday Friday	1
SIMI-2	mixed	higher	1
EQUI-5	close	close	1
SPE1-4	Mall attackers	attackers	1
EQUI-5	used	used	1
EQUI-5	` less is more ' strategy	` less is more ' strategy	6
EQUI-5	Solomon Islands	Solomon Islands	2
EQUI-5	strikes off	strikes off	2
SIMI-4	6.8 quake	Magnitude 6.3 quake	2
EQUI-5	recognizes	recognize	1
EQUI-5	of Syria	of Syria	2
SIMI-4	as legitimate representative	as sole representative	3
EQUI-5	Friends	Friends	1
EQUI-5	opposition coalition	opposition	1
EQUI-5	detained	detains	1
EQUI-5	for ` house sister ' scandal	for `` house sister '' scandal	6
EQUI-5	7	7	1
EQUI-5	takes a beating	tumbles	1
EQUI-5	Boeing 787 Dreamliner	on 787 Dreamliner	3
EQUI-5	catches fire	after fire	2
EQUI-5	stock	Boeing stock	1
EQUI-5	seven foreign workers	Seven foreign workers	3
EQUI-5	in Nigeria	in Nigeria	2
EQUI-5	abduct	kidnapped	1
EQUI-5	Israeli forces	security forces	2
EQUI-5	in West Bank , Jerusalem	in W. Bank	3
EQUI-5	clash with	clash with	2
EQUI-5	Palestinians	Palestinians	1
SPE1-4	in bus accident	in road accident	3
EQUI-5	killed	killed	1
SIMI-4	12	10	1
SPE2-4	in Pakistan	in NW Pakistan	2
EQUI-5	Postpones	postpones	1
EQUI-5	Family Reunions	family unions	2
EQUI-5	with South	with South Korea	2
EQUI-5	North Korea	North Korea	2
EQUI-5	From Soccer	from football	2
EQUI-5	Announces Retirement	retires	1
EQUI-5	David Beckham	David Beckham	2
EQUI-5	on National Mall	on National Mall	3
EQUI-5	Dies	dies	1
EQUI-5	Man	Man	1
EQUI-5	Who Set Himself on Fire	who set himself ablaze	4
SIMI-4	Selected	is	1
EQUI-5	as Japan	Japan	1
EQUI-5	's Prime Minister	's prime minister	3
EQUI-5	Shinzo Abe	Shinzo Abe	2
EQUI-5	after ski accident	following skiing accident	3
EQUI-5	Schumacher	Michael Schumacher	1
EQUI-5	in a coma	in a coma	3
EQUI-5	a Lance Armstrong biopic	Lance Armstrong in biopic	4
SPE2-3	Bradley Cooper and JJ Abrams	Bradley Cooper	2
REL-3	about filming	to play	2
EQUI-5	in talks	in talks	2
EQUI-5	EU ministers	EU ministers	2
EQUI-5	horsemeat scandal	over horse meat scandal	2
EQUI-5	Thai opposition party	Thai opposition	2
SPE1-4	to boycott general election	election boycott	2
EQUI-5	continues	continues	1
EQUI-5	power crisis	blackout	1
EQUI-5	Jagan Reddy	Jagan	1
EQUI-5	in Seemandhra	in Seemandhra	2
EQUI-5	to hospital	in hospital	2
EQUI-5	as Maracana re-opens	as Maracana re-opens	3
REL-3	tied	held	1
EQUI-5	Brazil	Brazil	1
EQUI-5	2-2	2-2	1
EQUI-5	by England	by England	2
SIMI-3	warns against	weighs into	2
SPE1-4	bitter immigration debate	immigration debate	2
EQUI-5	George W. Bush	George W Bush	3
EQUI-5	ill	fall sick	1
EQUI-5	Hundreds	Hundreds	1
SPE1-3	of Bangladesh clothes factory workers	in Bangladesh factory	3
EQUI-5	conducts	launches	1
EQUI-5	on Syria	against Syria	2
SPE2-4	airstrike	new airstrike	1
EQUI-5	Israel	Israel	1
EQUI-5	after China earthquake	in China quake	3
SIMI-3	Around 100 dead or injured	Hundreds dead or injured	4
EQUI-5	Killed	killed	1
EQUI-5	2 French Journalists	Two French journalists	3
EQUI-5	in Mali	in Mali	2
SPE1-4	in collapsed Japan tunnel	from Japan tunnel	3
EQUI-5	ablaze	left burning	1
EQUI-5	Vehicles	Vehicles	1
EQUI-5	attack	attack	1
SPE2-3	north Mali city	Malian troops in Gao	3
EQUI-5	Islamists	Islamists	1
EQUI-5	approves	reached	1
EQUI-5	fiscal cliff deal	Deal on `` fiscal cliff ''	3
EQUI-5	China stocks	China stocks	2
EQUI-5	higher	higher	1
EQUI-5	close	close	1
EQUI-5	Dolce and Gabbana	Dolce and Gabbana	3
SPE2-4	of tax evasion	in Italian Tax Case	3
SIMI-4	convicted	Fined	1
REL-3	on Syrian chemical arms	over Syria chemical claims	4
SPE1-3	UK alert	West	1
EQUI-5	believed killed	dies	1
EQUI-5	in plane crash	in plane crash	3
EQUI-5	Mexican singer Jenni Rivera	Jenni Rivera Mexican music star	4
EQUI-5	climbs	rises	1
SIMI-4	to 15	to 11	2
EQUI-5	in Indonesia boat sinking	in Indonesia boat capsize	4
EQUI-5	Death toll	Death toll	2
EQUI-5	leads	leads	1
EQUI-5	in Iran presidential vote preliminary results	in initial Iran count	4
EQUI-5	Rouhani	Rouhani	1
SIMI-4	increases security	bracing	1
EQUI-5	Egypt	Egypt	1
SPE1-4	before pro-Morsi protests	for massive protests	3
EQUI-5	hits	climbs	1
EQUI-5	death toll	death toll	2
SIMI-2	362	to 580	1
EQUI-5	Bangladesh building collapse	Bangladesh building-collapse	2
EQUI-5	in Nevada middle school shooting	Nevada in middle school shooting	5
EQUI-5	2 injured	2 hurt	2
EQUI-5	2 dead	2 dead	2
EQUI-5	mixed sex schools ban	in mixed-sex school ` ban '	4
EQUI-5	Hamas	Hamas	1
EQUI-5	gives	gives	1
EQUI-5	Russia	Russia	1
EQUI-5	initial OK	initial approval	2
SPE1-4	to American adoption ban	to adoption ban	3
EQUI-5	Among 7 Dead	among 7 dead	3
EQUI-5	Gunman	Gunman	1
EQUI-5	After Florida Apartment Shooting	after Fla. apartment shootout	4
SPE1-4	New information	after they received information	2
SPE1-4	Murder claim over Diana 's death	Diana and Fayed death info	5
EQUI-5	to the police	by police	2
EQUI-5	of Princess Diana and Dodi Fayed	of Princess Diana and Dodi Al Fayed	6
EQUI-5	the deaths	The deaths	2
EQUI-5	tough stand	tough stance	2
EQUI-5	pledges	promises	1
EQUI-5	Narendra Modi	India 's Modi	2
EQUI-5	against Pakistan	against Pakistan	2
EQUI-5	gays	on gays	1
EQUI-5	on admitting	on lifting ban	2
EQUI-5	delay	delays	1
SIMI-4	decision	vote	1
EQUI-5	Boy Scouts	Boy Scouts	2
SIMI-2	0.26 pc	1.53 %	2
EQUI-5	Tokyo stocks	Tokyo stocks	2
EQUI-5	close down	close down	2
EQUI-5	USA	U.S.	1
EQUI-5	expels	expels	1
EQUI-5	Venezuela diplomats	Venezuelan diplomats	2
EQUI-5	growth likely to slow	of slower growth	3
EQUI-5	reports	reports	1
EQUI-5	Ryanair	Ryanair	1
EQUI-5	warns	warns	1
SPE2-3	record profits	13 % rise	2
EQUI-5	this year	this year	2
SPE2-4	Opposition leaders	Cambodia opposition leaders	2
EQUI-5	Commonwealth summit	Commonwealth summit	2
REL-1	Indian media	Indian PM	2
SPE1-4	gay marriage bill	gay marriage	2
EQUI-5	backs	backs	1
REL-1	Yvette Cooper	White House	2
SIMI-2	100 killed	9 Dead	2
EQUI-5	in new Darfur tribal clashes	in New Darfur Tribal Clash	5
SPE1-4	after deadly Bangladesh building collapse	as Bangladesh building toll	4
SIMI-3	8	Four	1
EQUI-5	arrested	arrested	1
REL-2	Afghans	Afghan District Governor	1
EQUI-5	Taliban	To Taliban	1
EQUI-5	divided	divided	1
SPE1-4	Taliban attacks	Series of attacks	2
EQUI-5	in Afghanistan	in Afghanistan	2
EQUI-5	kill	kill	1
SIMI-3	17 civilians	10 police	2
SPE1-4	Texas residents	Residents	1
SPE1-4	after deadly blast	to Texas blast site	3
REL-3	for president	After Presidential Runoff	2
SIMI-3	to vote	Votes	1
EQUI-5	Mali	Mali	1
SIMI-3	overthrown	stepping down	1
EQUI-5	Central African Republic president	Central African Republic President	4
SPE2-3	North Korean nuclear test	North Korea controversial third nuclear test	4
EQUI-5	in Russian coal mine blast	in Russia coal mine blast	5
SIMI-2	trapped	killed	1
SIMI-3	18	Ten	1
EQUI-5	U.S. Northeast	US Northeast	2
SIMI-4	Blizzard hammers	Blizzard wallops	2
SIMI-2	New Zealand	Iran	1
SIMI-3	6.9 magnitude earthquake	5.6 magnitude earthquake	3
EQUI-5	hits	shakes	1
EQUI-5	Daily Press Briefing	Daily Press Briefing	3
SIMI-2	South Sudan	Syria	1
SIMI-2	French parliament	Russian parliament	2
EQUI-5	in prison	in prison	2
SIMI-1	Manning	Ariel Castro	1
SIMI-1	to 35 years	to 1,000 years	3
EQUI-5	sentenced	sentenced	1
OPPO-4	lower	higher	1
EQUI-5	close	close	1
EQUI-5	China stocks	China stocks	2
SIMI-3	on Friday	on Wednesday	2
EQUI-5	in Texas fertilizer plant blast	of Texas fertiliser plant blast	5
EQUI-5	chemical weapons	chemical weapons	2
EQUI-5	the U.S.	US	1
EQUI-5	Syria	Syria	1
EQUI-5	plan	plans	1
SPE2-3	polymer notes	polymer Naira notes	2
SIMI-2	reiterates	announces	1
SIMI-2	to phase out	to change	2
SPE1-4	India gang-rape victim	Indian rape victim	3
SPE1-3	Yacimovich	Israel	1
SPE2-4	Palestinian prisoners	104 Palestinian prisoners	2
SIMI-4	to approve	agrees	1
EQUI-5	release	to free	1
SIMI-4	Israeli envoys	Israeli envoy	2
SPE1-4	over settlement plans	over settlements	2
EQUI-5	summoned	summons	1
SPE2-2	in State of the Union	's State of the Union speech	5
EQUI-5	Obama	in Obama	1
EQUI-5	convicted	get jail time	1
SIMI-4	Five	3	1
EQUI-5	in Kosovo organ trafficking case	Kosovo in organ trafficking case	5
SPE2-3	Wave of bombings	Car bombs	2
EQUI-5	kills	kill	1
SIMI-2	15	49	1
EQUI-5	in Iraq	in Iraq	2
EQUI-5	kill	kill	1
SPE2-2	nine people	6 soldiers	2
EQUI-5	in northwest Pakistan	in northwest Pakistan	3
EQUI-5	Gunmen	Militants	1
SPE1-4	after deadly Bangladesh building collapse	after Bangladesh building collapse	4
EQUI-5	Snowden	Snowden	1
REL-2	against protesters	about protests	2
SIMI-3	8	14	1
SPE1-4	2 car bombs	Car bombing	2
OPPO-4	in southern Iraq	in northern Iraq	3
EQUI-5	kill	kills	1
EQUI-5	Pictures of the day	Pictures of the day	4
SIMI-2	7 August 2013	11 April 2013	3
OPPO-4	vanishes	returned	1
EQUI-5	from National Zoo	to National Zoo	3
EQUI-5	Red panda	Missing red panda	2
SIMI-3	6.3-magnitude earthquake	7.7-magnitude earthquake	2
EQUI-5	hits	hits	1
SIMI-2	Taiwan	SW Pakistan	1
SIMI-4	Heats Up	soar	1
SPE1-2	Google and IBM Post Strong Earnings	on strong earnings	3
REL-3	Tech Sector	Google shares	2
EQUI-5	's presidential candidates	as presidential candidate	3
SIMI-2	in Damascus	in Iraqi capital	2
EQUI-5	Car bombing	Car bombings	2
SPE2-2	53	13 civilians	1
EQUI-5	kills	kill	1
SIMI-2	Syria	Iraq	1
SIMI-3	Turkish PM	Turkish police	2
SIMI-4	protests	at protesters	1
EQUI-5	in Istanbul	in Istanbul	2
EQUI-5	of San Fermin bull-running festival	San Fermin bull-running festival	4
EQUI-5	Start	starts	1
SIMI-3	Former LAPD officer	Former CIA officer	3
REL-2	Pakistan court	Pakistan-UN report	2
EQUI-5	50th anniversary	On 50th anniversary	2
SPE2-3	remembered	its first memorial	1
EQUI-5	of JFK 's death	of JFK death	3
SPE2-4	Palestinian prisoners	of 26 Palestinian prisoners	2
SIMI-4	frees	approves release	1
SIMI-3	Israel	Gov ' t committee	1
REL-3	with Mandela family	to Mandela	2
EQUI-5	meets	meets	1
EQUI-5	Obama	Obama	1
EQUI-5	in 3 cities	in three cities	3
EQUI-5	state	state	1
EQUI-5	Egypt 's leader	Egypt president	2
EQUI-5	of emergency	of emergency	2
EQUI-5	imposes	declares	1
EQUI-5	receives	Receives	1
EQUI-5	EU	EU	1
SPE2-4	Nobel Peace Prize	2012 Nobel Peace Prize	3
EQUI-5	to Death	to Death	2
REL-3	for War Crimes	by War Crimes Tribunal	3
EQUI-5	Sentenced	Sentenced	1
EQUI-5	no casualties	None Hurt	2
SPE1-4	in Libya 's Benghazi	in Benghazi	2
EQUI-5	Car bomb	Car Bomb	2
EQUI-5	at Swedish consulate	Swedish Consulate	2
SIMI-3	will yield	Spur	1
EQUI-5	Iran nuclear talks	Iran Nuclear Talks	3
REL-2	roadmap	High Hopes	1
SPE2-4	hopes	High Hopes	1
EQUI-5	third nuclear test	Third Nuclear Test	3
SIMI-3	conducts	Confirms	1
EQUI-5	North Korea	North Korea	2
EQUI-5	Hits	hits	1
EQUI-5	in 2012	in 2012	2
EQUI-5	Record $ 38 bn	record US$ 38b	3
EQUI-5	Macau Gambling Revenue	Macau gambling revenue	3
SPE1-3	NM County	Some county officials	2
SIMI-4	Prepares	pave the way	1
SPE1-3	for Same-Sex Marriages Hearing	for same-sex marriage	3
EQUI-5	2020 Olympic Games	2020 Olympics	2
EQUI-5	Tokyo	Tokyo	1
EQUI-5	to host	to host	2
SPE2-4	Indian police	Mumbai police	2
SIMI-3	round up	arrest	1
SPE1-4	all five suspects	fifth suspect	2
EQUI-5	in Mumbai rape case	in gang-rape case	3
EQUI-5	Syria	about Syria	1
EQUI-5	on chemical weapons	's chemical weapons	3
SPE2-3	US	U.S. concerns	1
OPPO-4	strengthens	weakens	1
SIMI-4	to 6.2689	to 6.2816	2
EQUI-5	against USD	against USD	2
EQUI-5	China yuan	Chinese yuan	2
EQUI-5	Egypt	Egyptians	1
EQUI-5	votes	Vote	1
EQUI-5	in new constitution	On New Constitution	3
EQUI-5	in Benghazi	in Benghazi	2
SPE2-2	kills wounds	hits	1
EQUI-5	Car bomb	Car bomb	2
EQUI-5	on Timbuktu	to Timbuktu	2
EQUI-5	French-led troops	French-led troops	2
SPE1-3	work	access	1
EQUI-5	at joint industrial zone	to joint industrial zone	4
SIMI-3	to halt	blocks	1
EQUI-5	N Korea	North Korea	2
EQUI-5	vote	vote	1
SIMI-3	on divisive constitution	on constitution change	3
EQUI-5	Egyptians	Egyptians	1
SPE2-3	final big immigration decisions	final big decisions in shaping immigration bill	4
EQUI-5	nears	nearing	1
SPE2-3	Committee	Senate Judiciary Committee	1
SPE1-4	for Boston bomb victims	for Boston victims	3
EQUI-5	observes	observes	1
EQUI-5	London Marathon	London Marathon	2
EQUI-5	silence	silence	1
EQUI-5	40	40	1
EQUI-5	in Canada train disaster	in Canadian train wreck	4
EQUI-5	missing	missing	1
EQUI-5	for major boost	for major boost	3
EQUI-5	in Syrian aid	in Syrian aid	3
SPE2-4	UN presses	UN chief presses	2
EQUI-5	may delay	to delay	2
EQUI-5	controversial rocket launch	controversial rocket launch	3
EQUI-5	N Korea	N. Korea	2
EQUI-5	Obama administration	Obama administration	2
EQUI-5	rocks	rocks	1
SIMI-3	Critical Gates memoir	Gates blast	2
SPE2-4	to hacking charges	at phone hacking hearing	3
EQUI-5	not guilty	not guilty	2
EQUI-5	pleads	pleads	1
EQUI-5	Brooks	Brooks	1
EQUI-5	is working	work	1
REL-2	declares	pledges	1
EQUI-5	Obama	Obama	1
SPE2-4	health care law	new health care law	3
EQUI-5	Thousands	Thousands	1
EQUI-5	protest	protest	1
EQUI-5	gay marriage	gay marriage	2
EQUI-5	more ministries	more ministries	2
SPE1-4	Thai political protests	Thai protesters	2
SIMI-4	paralyse	besiege	1
EQUI-5	in talks	in talks	2
EQUI-5	Exclusive-UPDATE	EXCLUSIVE-UPDATE	1
EQUI-5	2-Egypt pro-Mursi alliance signals flexibility	1-Egypt pro-Mursi alliance signals flexibility	5
SPE2-4	Deaths	at least one dead	1
EQUI-5	into Scottish pub	into pub	2
EQUI-5	after helicopter	after helicopter	2
SIMI-4	confirmed	say	1
EQUI-5	crashes	crashes	1
SIMI-3	stage	escape	1
EQUI-5	Pakistan jailbreak	Taliban prison break	2
SPE2-4	Militants	250 militants	1
SIMI-3	brings to a halt	wallops	1
EQUI-5	US northeast	US Northeast	2
EQUI-5	Blizzard	Blizzard	1
EQUI-5	survives	survives	1
EQUI-5	bomb	bomb attack	1
EQUI-5	Egypt interior minister	Egypt 's interior minister	3
EQUI-5	's security restrictions	's security decree	3
EQUI-5	Putin	Putin	1
EQUI-5	Critics	of critics	1
EQUI-5	Egypt army	Egypt 's military	2
SPE2-4	on Brotherhood	on Muslim Brotherhood	2
EQUI-5	cracks down	cracks down	2
EQUI-5	braces	braces	1
EQUI-5	Egypt	Egypt	1
EQUI-5	for more protests	for more protests	3
EQUI-5	prays	prays	1
EQUI-5	for calm	for calm	2
EQUI-5	disrupts	disrupted	1
EQUI-5	between Raffles Place , Marina Bay	between Raffles Place and Marina Bay	6
EQUI-5	train service	Train service	2
EQUI-5	sworn in	sworn in	2
SPE1-4	Defiant Mugabe	Mugabe	1
SPE1-4	for seventh term	for another term	3
EQUI-5	to Oprah	in Oprah interview	2
EQUI-5	confesses	confesses	1
EQUI-5	Lance Armstrong	Lance Armstrong	2
SIMI-4	all	to doping	1
SPE2-4	after wild party	after alleged embassy orgy	3
EQUI-5	Honduran ambassador	Honduras ambassador	2
SIMI-2	sacked	resigns	1
SPE2-3	on upbeat US economic data	by positive US , China data	5
SIMI-4	gain	lifted	1
EQUI-5	Asian markets	Asian markets	2
SPE1-4	landmark nuclear deal	nuclear deal	2
EQUI-5	Iran	Iran	1
SPE1-4	sign	agree	1
SPE1-4	six global powers	world powers	2
SPE1-4	in air strike in central Syria	in Syrian air strike	4
EQUI-5	killed	killed	1
EQUI-5	Dozens	Dozens	1
EQUI-5	on bakery	on bakery	2
EQUI-5	Mandela ` Inspiration '	Mandela 's inspiration effect	4
EQUI-5	Obama	Obama	1
EQUI-5	Praises	hails	1
EQUI-5	of US debt deal	of U.S. debt deal	4
EQUI-5	on hopes	on hopes	2
EQUI-5	Asian markets	Asian stocks	2
EQUI-5	hit	hit	1
EQUI-5	3-wk high	three-week highs	2
SPE1-4	on Syrian border	near Syrian border	3
EQUI-5	Patriot missile battery	Patriot missile batteries	3
REL-2	NATO	Obama	1
SIMI-2	Guinea	Equatoguineans	1
EQUI-5	votes	vote	1
SPE1-4	in long-delayed legislative poll	in legislative polls	3
EQUI-5	Egypt Army	Egypt	1
EQUI-5	on Sinai Militants	against Sinai militants	3
SPE1-4	New Air Raids	new assault	2
EQUI-5	Launches	launches	1
SIMI-4	killed	die	1
EQUI-5	Thai protesters	Thai protesters	2
REL-4	vote	polling stations	1
EQUI-5	obstruct	block	1
SPE1-4	North Korea 's third test	North Korea nuclear test	4
REL-3	Nelson Mandela memorial service	Nelson Mandela dies	3
EQUI-5	killed	killed	1
SIMI-2	37	12	1
SPE1-4	in bus crash	in bus accident	3
SIMI-2	in Italy	in Pakistan	2
EQUI-5	Syrian opposition	Syrian opposition	2
REL-4	Delhi Gang Rape Suspect	Delhi gang-rape verdict	3
SIMI-3	Most powerful typhoon	Typhoon Utor	2
EQUI-5	the Philippines	Philippines	1
EQUI-5	hits	Hits	1
SIMI-3	for more Egypt protests	from Egypt protests	3
SIMI-2	One dead	6 dead	2
SIMI-2	11 hurt	33 hurt	2
EQUI-5	Suicide Bomber	Suicide Bomber	2
SIMI-4	14	11	1
SPE1-4	at Afghan Province Council	in Afghanistan	2
EQUI-5	Kills	Kills	1
EQUI-5	of manslaughter	of murder	2
EQUI-5	on suspicion	on suspicion	2
EQUI-5	arrested	arrested	1
OPPO-4	soar	slump	1
EQUI-5	Stocks	Stocks	1
SPE1-3	on Wall St lead	on Wall Street	3
EQUI-5	killed	killed	1
SIMI-2	17	2	1
SIMI-2	in northern Iraq	in northern Lebanon	3
EQUI-5	wounded	wounded	1
SPE1-3	in bomb attacks	in clashes	2
SIMI-1	133	6	1
EQUI-5	's death	's death	2
EQUI-5	over nurse	over nurse	2
SIMI-4	South Africans	South Africa	2
EQUI-5	ailing Mandela	's former PM Nelson Mandela	2
EQUI-5	The Note	The Note	2
EQUI-5	's Must-Reads	's Must-Reads	2
EQUI-5	for Friday	for Friday	2
SIMI-2	December 6 , 2013	July 12 , 2013	4
REL-3	to Central African Republic	in Central African capital	4
SIMI-2	Greece	Japan	1
SIMI-3	6.0-magnitude quake	5.0-magnitude quake	2
EQUI-5	hits	jolts	1
EQUI-5	North Korea Nuclear Test	North Korea nuclear test	4
SPE2-3	Credibility	world credibility	1
SIMI-3	on the line	on line	2
EQUI-5	weakens	weakens	1
SIMI-3	against USD Thursday	against USD Tuesday	3
EQUI-5	China 's yuan	China yuan	2
SIMI-4	to 6.2767	to 6.1818	2
EQUI-5	kills	Kill	1
SIMI-2	policeman	3 Soldiers	1
EQUI-5	in Pakistan	in Pakistan	2
SIMI-4	Suicide bomber	Suicide Bombers	2
EQUI-5	to be sentenced	Sentenced	1
SIMI-3	for terror convictions	for Corruption	2
SIMI-3	in early trading	in choppy trading	3
SIMI-2	rise	ease	1
SPE2-4	Stocks	US stocks	1
SIMI-2	UK police	China police	2
SPE1-3	to helicopter crash	over crash	2
EQUI-5	killed	killed	1
SIMI-2	41	15	1
EQUI-5	wounded	wounded	1
EQUI-5	in Iraq	in Iraq	2
SIMI-2	22	90	1
SIMI-4	in violent attacks	in fresh attacks	3
EQUI-5	Kerry	Kerry	1
SIMI-3	Jordan	to Israel	1
REL-2	on agenda	postpones	1
EQUI-5	to visit	visit	1
EQUI-5	for Obamacare	for Obamacare	2
EQUI-5	signs up	to sign up	2
EQUI-5	over Benghazi	after Benghazi	2
REL-2	faulted	resigns	1
SPE1-3	US State Department	State Dept security chief	3
SIMI-2	Syria	Libya	1
EQUI-5	in Sinai	in Sinai	2
EQUI-5	Egypt Military	Egypt military	2
EQUI-5	Kill	kill	1
EQUI-5	Hit	hit	1
EQUI-5	Suicide Bombs	Suicide bombs	2
SIMI-4	6	4	1
SIMI-3	killed	injured	1
SPE1-4	Four Morsi supporters	as Morsi supporters	3
SPE1-4	in Egypt clashes	clash	1
SPE2-3	from case	on attempted murder charges	2
EQUI-5	Pistorius officer	Pistorius officer	2
SIMI-3	in drone strike	in bloodshed	2
EQUI-5	killed	's killing	1
REL-4	Pakistani Taliban chief Hakimullah Mehsud	Pakistan Taliban	2
EQUI-5	Pakistani Taliban chief Hakimullah Mehsud	Hakimullah	1
EQUI-5	suspect	suspect	1
EQUI-5	was captured	captured	1
EQUI-5	evacuation	evacuation	1
SPE2-4	of another city	of homes , university	3
EQUI-5	forces	forces	1
SIMI-2	Flooding in Canada	California wildfire	2
SIMI-1	in Nigeria police attack	in Kenya bus attack	4
EQUI-5	Death toll	Death toll	2
SIMI-2	to 30	to six	2
EQUI-5	rises	rises	1
REL-3	Australia	Australian PM	1
EQUI-5	Iran	Iran	1
REL-2	in nuclear talks	`` peaceful '' nuclear program	3
SIMI-1	's Darfur	in Abyei clash	2
SPE1-3	Seven peacekeepers	Peacekeeper	1
EQUI-5	killed	killed	1
SIMI-2	voices	confirms	1
EQUI-5	on Syria	at Syria	2
SPE2-4	over Israeli strikes	second air strike	3
SIMI-2	at Brotherhood protesters	At Gang Rape Protesters	3
EQUI-5	tear gas	Tear Gas	2
EQUI-5	fire	Fired	1
SIMI-4	US Senate	House	1
EQUI-5	to vote	vote	1
EQUI-5	on fiscal cliff deal	on fiscal cliff deal	4
EQUI-5	in Colorado avalanche	in Colorado avalanche	3
EQUI-5	buried	killed	1
SPE2-4	5 people	5 snowboarders	2
SIMI-2	`` political '' changes	proposed cuts	2
SPE1-4	to US defense budget	in defense spending	3
EQUI-5	Hagel	Hagel	1
EQUI-5	new election law	new election law	3
EQUI-5	approve	approves	1
SPE2-4	Afghan legislators	Afghan president	2
EQUI-5	die	die	1
SPE1-4	Myanmar mosque fire	at mosque	2
EQUI-5	13 children	13 children	2
SPE2-4	in fire	in electrical fire	2
SIMI-4	Birth Control	Contraceptive pill	2
EQUI-5	With Higher Glaucoma Risk	glaucoma risk	2
SPE2-4	Linked	doubles	1
SPE2-4	health problem	stroke	1
EQUI-5	in hospital	in hospital	2
SIMI-4	due to	after suffering	2
EQUI-5	Iraqi president	Iraqi president	2
EQUI-5	in Beirut	in Beirut	2
EQUI-5	Near the Iranian Embassy	near Iranian embassy	3
SPE2-4	Explosions	Two blasts	1
SPE2-4	carry-on liquids , gels	carry-on liquids	2
EQUI-5	to Russia	to Russia	2
SPE2-4	on flights	on direct flights	2
EQUI-5	bans	bans	1
EQUI-5	U.S.	US	1
SIMI-4	Nato troops	NATO strike	2
EQUI-5	kill	kills	1
SIMI-3	two Afghan children	11 Afghan children	3
SIMI-4	makes landfall	slams	1
SIMI-3	in east China	into southeastern China	3
EQUI-5	Typhoon Fitow	Typhoon Fitow	2
EQUI-5	not guilty plea	Not guilty plea	3
EQUI-5	for James Holmes	for James Holmes	3
SPE1-3	to Alaska airport runway	to airport	2
EQUI-5	drivers	drivers	1
EQUI-5	Apple app	Apple app	2
EQUI-5	directs	sends	1
SPE2-4	family reunions	war-torn family unions	2
EQUI-5	postpones	postpones	1
EQUI-5	N Korea	North Korea	2
EQUI-5	of fiscal impasse	Amid Fiscal Impasse	3
EQUI-5	US Senate	US Senate	2
SPE2-4	's nuclear deal	breakthrough nuclear deal	3
EQUI-5	Iran	Iran	1
EQUI-5	Iran	Iran	1
SPE2-4	drone	U.S. drone	1
EQUI-5	losing one	it	1
EQUI-5	U.S.	U.S.	1
EQUI-5	denies	says 's not true	1
EQUI-5	says	says	1
EQUI-5	it	it	1
EQUI-5	captures	has seized	1
SPE1-4	from Libya 's al-Kweifiya prison	from Libyan jail	3
EQUI-5	escape	escape	1
SPE2-4	More than 1,000 inmates	1000 prisoners	2
SPE1-4	in Cairo clash	in Egypt clashes	3
EQUI-5	dies	die	1
SPE1-4	Muslim Brotherhood supporter	Muslim Brotherhood supporters	3
SIMI-4	Thirty-Seven Dead	Thirty Dead	2
EQUI-5	In Italy Tour Bus Plunge	In Italian Bus Plunge	4
EQUI-5	lower	lower	1
EQUI-5	end	close	1
EQUI-5	Thursday	on Thursday	1
EQUI-5	China stocks	China stocks	2
EQUI-5	nuclear deal	nuclear deal	2
EQUI-5	Iran leader Rouhani	Iran President Hassan Rouhani	3
SPE1-4	within three months	in months	2
EQUI-5	holds	holds	1
EQUI-5	Maldives	Maldives	1
EQUI-5	fresh election for president	fresh presidential election	3
EQUI-5	Israel	Israel	1
SIMI-3	1500 settler homes	1,800 more settler homes	3
SIMI-4	green-lights	unveils	1
EQUI-5	five accused	All five accused	2
EQUI-5	arrested	arrested	1
SPE1-4	Mumbai photojournalist gangrape case	Mumbai journalist gang-rape case	4
EQUI-5	faces questions	questioned	1
EQUI-5	Driver	Train driver	1
EQUI-5	from judge	by judge	2
EQUI-5	in Spanish train crash	in Spain crash	3
EQUI-5	Israel	Israel	1
SIMI-3	in Gaza	near Damascus	2
SIMI-4	airstrike	air strikes	1
EQUI-5	launches	launches	1
EQUI-5	to fold	to fold	2
EQUI-5	Trailblazing Israeli electric car company	Trailblazing Israeli electric car company	5
EQUI-5	for marriage	to get married	2
SPE1-4	conditional bail	bail	1
EQUI-5	Ankeet Chavan	Ankeet Chavan	2
EQUI-5	granted	granted	1
SPE2-4	in Spanish train crash	in Spanish high-speed train crash	4
SPE1-3	Up to 50 dead	Over 70 dead	3
EQUI-5	dies	dies	1
SPE2-4	Former spokesman for U.S. President Ronald Reagan	Former Reagan spokesman Larry Speakes	5
EQUI-5	lower	lower	1
REL-4	US stocks	on Wall Street	2
EQUI-5	Weak earnings	Weak earnings	2
EQUI-5	drag	drag	1
EQUI-5	US stocks	stocks	1
EQUI-5	after helicopter crashes into pub	after helicopter pub crash	4
EQUI-5	Three feared dead	Three feared dead	3
EQUI-5	Israel	Israel	1
EQUI-5	's Peres	's Peres	2
SPE1-4	urges	calls	1
EQUI-5	to peace talks	to peace talks	3
EQUI-5	return	for return	1
EQUI-5	US	US	1
EQUI-5	against Syria	against Syria	2
SIMI-3	readies	makes case	1
SPE1-3	possible solo action	for action	2
EQUI-5	found	found	1
SPE2-4	25 bodies	25 more bodies	2
SPE1-4	at raided Algerian gas plant	at Algerian gas plant	4
EQUI-5	Pope Benedict XVI	Pope Benedict XVI	3
REL-4	Says Goodbye	departs	1
REL-4	to Cardinals	Vatican	1
EQUI-5	the East Coast	East Coast	2
SIMI-3	zipping up	to slide up	2
EQUI-5	Tropical Storm Andrea	Tropical Storm Andrea	3
EQUI-5	Israel	Israel	1
SPE1-4	900 settlement homes	for new settler homes	3
EQUI-5	plan	plans	1
EQUI-5	Websites	Websites	1
EQUI-5	anonymity	anonymity	1
EQUI-5	battle	fight	1
EQUI-5	nasty comments	nasty comments	2
EQUI-5	on fire	on fire	2
EQUI-5	sets	sets	1
SPE2-4	on the National Mall	at Washington 's National Mall	4
EQUI-5	himself	himself	1
EQUI-5	Man	Man	1
REL-3	after shots	after reports of shots	2
EQUI-5	fired	fired	1
EQUI-5	on lockdown	on lockdown	2
EQUI-5	US Capitol Hill	US Capitol	2
EQUI-5	upholds	upholds	1
EQUI-5	death penalties	death sentences	2
EQUI-5	for Mekong murderers	for Mekong murderers	3
SPE1-4	Chinese court	Court	1
EQUI-5	Israeli forces	Israeli Forces	2
SPE2-4	in West Bank	across West Bank	3
EQUI-5	5 Palestinians	Five Palestinians	2
EQUI-5	detain	Arrest	1
EQUI-5	in German elections	in Germany Election	3
EQUI-5	wins	Wins	1
EQUI-5	Angela Merkel	Merkel	1
EQUI-5	at Russian train station	at Russian train station	4
SIMI-4	15	14	1
EQUI-5	killed	kills	1
EQUI-5	in suicide bombing	Suicide bomber	2
SIMI-4	election	in poll bid	1
SPE1-4	Cambodian opposition leader Sam Rainsy	Cambodia opposition head	3
SIMI-4	returns	turns	1
EQUI-5	calls	calls	1
EQUI-5	Biden	Biden	1
EQUI-5	for trust	for trust	2
EQUI-5	call	call	1
SIMI-4	in protest	Turkey unrest	2
SPE1-4	2 Turkish unions	Unions	1
EQUI-5	for strike	for strike	2
SPE1-4	over police violence	over police crackdown	3
EQUI-5	hospitalized	Hospitalized	1
EQUI-5	South African icon Nelson Mandela	South Africa 's Nelson Mandela	5
EQUI-5	settles	settles	1
EQUI-5	US mortgage lawsuit	US mortgage lawsuit	3
EQUI-5	UBS	UBS	1
SPE2-3	to talks	rare talks	2
EQUI-5	North , South Korea	North , South Korea	4
EQUI-5	gun control plans	gun control plans	3
EQUI-5	Obama	Obama	1
EQUI-5	to announce	to set out	2
SPE1-2	Six Australians	Dozens	1
EQUI-5	killed	killed	1
EQUI-5	in Laos plane crash	in Laos plane crash	4
SPE1-4	confirms	finds	1
SPE2-4	in Syria attack	in Syria chemical weapons attack	3
EQUI-5	used	used	1
EQUI-5	sarin	sarin	1
EQUI-5	UN	U.N.	1
EQUI-5	$ 53m	$ 53 million worth	2
EQUI-5	of jewels	of jewels	2
EQUI-5	Cannes thief	Robber in Cannes	2
EQUI-5	steals	steals	1
EQUI-5	charged	charged	1
EQUI-5	with corruption	with corruption	2
SPE1-4	Ex-Virginia governor Bob McDonnell	Virginia 's ex-Gov . Bob McDonnell , wife	4
REL-3	most senior Afghan Taliban prisoner	senior Taliban commander	3
EQUI-5	Pakistan	Pakistan	1
EQUI-5	to release	to release	2
EQUI-5	bites	bites	1
EQUI-5	costs	costs	1
EQUI-5	as rupee collapse	as rupee crisis	3
EQUI-5	Bollywood	Bollywood	1
EQUI-5	cuts	cuts	1
SPE1-4	Tornadoes	Tornadoes , damaging storms	1
EQUI-5	killing	killing	1
SIMI-4	6	5	1
EQUI-5	rip	hit	1
SPE2-4	through Midwest	U.S. Midwest	2
EQUI-5	rejects	rejects	1
EQUI-5	China 's new PM	China Premier Li	3
SPE2-3	US hacking claims	` groundless ' US hacking accusations	3
EQUI-5	New Zealand	New Zealand	2
EQUI-5	to legalise	to legalise	2
SIMI-3	set	votes	1
EQUI-5	gay marriage	same-sex marriage	2
EQUI-5	amid killings	Amid Killings	2
EQUI-5	bans	Bans	1
EQUI-5	martial arts clubs	Martial Arts Schools	3
EQUI-5	East Timor	East Timor	2
EQUI-5	at Boston Marathon	of Boston Marathon	3
SPE2-4	loud booms	two explosions	2
EQUI-5	Kenya Supreme Court	Kenya SC	2
EQUI-5	upholds	upholds	1
EQUI-5	election result	election result	2
EQUI-5	10 Things	10 Things	2
SPE2-3	for Wednesday	for Today	2
EQUI-5	to Know	to Know	2
EQUI-5	Venezuela 's Hugo Chavez	Venezuelan President Hugo Chavez	4
EQUI-5	dies	dies	1
EQUI-5	of cancer	of cancer	2
EQUI-5	US Senate	US Senate	2
EQUI-5	confirms	Confirms	1
EQUI-5	Yellen	Janet Yellen	1
SIMI-3	as Fed 's next chair	as New Central Bank Chief	5
SPE1-4	in India anti-rape protests	in gang-rape protest	3
EQUI-5	injured	injured	1
EQUI-5	dies	dies	1
SPE2-4	Officer	Indian policeman	1
EQUI-5	Chemical Weapons Use	of Chemical Arms Use	3
EQUI-5	in Syria	by Syria	2
SIMI-4	Can not ` Conclusively Determine '	Sees No Conclusive Evidence	4
EQUI-5	US	U.S.	1
EQUI-5	dies	dies	1
EQUI-5	Nobel Prize winning author Doris Lessing	Nobel laureate Doris Lessing	4
SPE2-4	Senate	US Senate	1
SPE2-4	as Fed head	as Fed 's next chair	3
EQUI-5	confirms	confirms	1
EQUI-5	Yellen	Yellen	1
SPE2-4	in Virginia	in Virginia cemetery	2
EQUI-5	Boston bombing suspect	Boston bomb suspect	3
EQUI-5	buried	buried	1
SPE1-4	Internet , phone service	Internet service	2
SPE1-3	in Syrian capital	in Syria	2
EQUI-5	restored	resumes	1
EQUI-5	Bomb Attack	bomb attack	2
EQUI-5	Syrian PM	Syrian PM	2
EQUI-5	Survives	survives	1
SPE2-3	prays	in prayer and song	1
EQUI-5	for Nelson Mandela	for Nelson Mandela	3
EQUI-5	South Africa	South Africa	2
EQUI-5	die	killed	1
SPE2-4	in clashes	in Egypt clashes	2
SPE1-4	At least 38 Morsi supporters	Dozens of Morsi supporters	4
SIMI-3	on iPhone disappointment	after earnings disappointment	3
EQUI-5	Apple shares	Apple stock	2
EQUI-5	Egypt	Egypt	1
SPE1-4	to lure Gulf investors	to lure investors	3
SIMI-3	set	seeks	1
EQUI-5	Crowned	is crowned	1
SPE1-4	Miss America 2013	Miss America	2
EQUI-5	Miss New York	Miss New York	3
EQUI-5	mixed	mixed	1
EQUI-5	at mid-day	at mid-day	2
REL-3	KLCI Futures	KL shares	2
SPE2-4	Iranian exiles	At least 47 Iranian exiles	2
EQUI-5	report deaths	killed	1
SPE2-4	in Iraq camp	at Iraq 's Camp Ashraf	3
EQUI-5	Helicopter	Helicopter	1
EQUI-5	in London	in London	2
EQUI-5	crashes	crashes	1
EQUI-5	China	China	1
SIMI-3	flew into	defy	1
SPE2-3	Japanese planes	Japan , S Korean military planes	2
EQUI-5	's new defense zone	's new defense zone	4
EQUI-5	Janet Yellen	Janet Yellen	2
SPE1-4	US Senate	Senate	1
EQUI-5	confirms	confirms	1
SPE2-4	as US Federal Reserve chief	as next Federal Reserve Chair	5
EQUI-5	northern Europe	north . Europe	2
SPE1-4	as Storm Xaver	as wind , rain	3
EQUI-5	batters	batters	1
EQUI-5	rises	rises	1
EQUI-5	Death toll	Storm death toll	2
SPE2-3	airline pilots	2 Turkish Airlines pilots	2
EQUI-5	in Lebanon	in Lebanon	2
EQUI-5	kidnap	kidnap	1
EQUI-5	Gunmen	Gunmen	1
EQUI-5	kills	kills	1
SPE1-4	5	up to six	1
SIMI-2	U.S. drone strike	Pakistan drone strike	3
EQUI-5	push	pushes	1
EQUI-5	Syrian troops	Syrian army	2
SPE1-4	into strategic rebelheld town	on rebel-held town	3
EQUI-5	Bangkok shutdown	Bangkok ` shutdown '	2
SPE1-4	Thai opposition protesters	Thai protesters	2
EQUI-5	begin	launch	1
EQUI-5	Hails	Welcomes	1
EQUI-5	France	France	1
EQUI-5	after U.S.-Russia Deal	US-Russia Deal	2
SPE1-4	on Syria Weapons	on Syria	2
EQUI-5	Crushed to Death	dead	1
EQUI-5	in Ivory Coast Stampede	in Ivory Coast stampede	4
SPE2-4	About 60	61	1
SPE1-4	against student gunman	against student	2
EQUI-5	Discipline	Discipline	1
EQUI-5	thought	thought	1
EQUI-5	Clinton	Clinton	1
EQUI-5	to testify	to testify	2
EQUI-5	on Benghazi attack	on Benghazi attack	3
SPE1-4	's custom-made wheelchair	's wheelchair	2
SPE1-4	English Channel swimmer	Channel swimmer	2
EQUI-5	snatch	steal	1
EQUI-5	Thieves	Thieves	1
EQUI-5	Kurdish rebels	Kurdish rebels	2
EQUI-5	from Turkey	from Turkey	2
EQUI-5	to withdraw	to withdraw	2
SPE1-4	Iranian president	Iranian minister	2
SIMI-3	for new nuclear talks	for failed nuke talks	4
REL-3	Mandela	Mandela movie	1
EQUI-5	pays tribute	pay tribute	2
EQUI-5	to Nelson Mandela	to Mandela	2
SIMI-3	Queen	US presidents	1
SIMI-3	11	seven	1
EQUI-5	Iraq violence	Iraq violence	2
EQUI-5	kills	kills	1
REL-1	US , UK chemical arms claims	US	1
EQUI-5	Syria	Syria	1
REL-2	US , UK chemical arms claims	chemical weapons	2
EQUI-5	at reporters ' dinner	during press dinner	3
EQUI-5	jokes	pokes fun at	1
EQUI-5	Obama	Obama	1
SIMI-4	21	20	1
EQUI-5	kill	kill	1
SIMI-2	in Niger	near Syrian border	2
SIMI-3	in suicide attacks	Car bombs	2
REL-3	at Iran 's nuclear plant	into Iran nuclear deal	4
REL-2	in Pakistan	Pakistani police	2
SIMI-2	for March 11	for January 14	3
EQUI-5	News summary	News summary	2
SIMI-3	among 14 killed	Six dead	2
EQUI-5	Indonesia	Indonesia	1
EQUI-5	by Indonesia volcano eruption	in Indonesian volcanic eruption	4
EQUI-5	passes	passes	1
SIMI-2	Hawaii	US Senate	1
SIMI-4	gay marriage bill	gay workers bill	3
SPE1-4	0.4 % higher	higher	1
SIMI-2	Singapore stocks	Indian stocks	2
OPPO-4	close	open	1
EQUI-5	the Papers	the Papers	2
SIMI-3	Mar. 12 , 2013	June 25 , 2013	4
EQUI-5	Say	Say	1
EQUI-5	What	What	1
EQUI-5	Singapore stocks	Singapore stocks	2
SPE2-3	0.11 pct	0.54 pct higher	2
EQUI-5	end up	close	1
SIMI-4	Pakistani girls	Pakistani girl	2
EQUI-5	' girlfriend Reeva Steenkamp	Steenkamp	1
EQUI-5	of Oscar Pistorius	Oscar Pistorius	2
EQUI-5	over Syria	for Syria	2
EQUI-5	's chemical weapons	's chemical weapons	3
REL-3	Egypt	Egypt army	1
EQUI-5	rescued	rescued	1
SPE2-3	off Waterford , Dublin coasts	in Dublin Bay	3
SIMI-3	Ten	Six	1
REL-2	Senior Pakistani Taliban commander	Pakistan Shi'ites	2
EQUI-5	rises	rises	1
SIMI-3	from west Chinas violence	from NE China fire	4
SIMI-2	to 35	to 112	2
EQUI-5	Death toll	Death toll	2
REL-2	South Korean soldiers	to South	2
EQUI-5	into North	North Korea	2
EQUI-5	meets	to meet	1
EQUI-5	Mandela family	Mandela family	2
EQUI-5	in hospital	hospital	1
EQUI-5	Obama	Obamas	1
OPPO-4	down	up	1
EQUI-5	dollar	dollar	1
SIMI-3	8 paise	22 paise	2
EQUI-5	Rupee	Rupee	1
EQUI-5	in early trade	in early trade	3
EQUI-5	vs	against	1
OPPO-4	open	close	1
EQUI-5	Indian stocks	Indian stocks	2
EQUI-5	lower	lower	1
EQUI-5	as Bangladesh building toll	as Bangladesh building toll	4
EQUI-5	arrested	arrested	1
SIMI-3	to 352	372	1
EQUI-5	rises	reaches	1
SPE2-2	Four	Owner	1
REL-3	Pakistani soldier	Pakistani military post	2
SPE1-3	kill	raid	1
EQUI-5	Indian troops	Indian troops	2
EQUI-5	Brazilian leader	Brazil leader	2
REL-1	crisis talks	reform vote	2
REL-3	US	US House	1
EQUI-5	in attacks	in attacks	2
EQUI-5	in Iraq	across Iraq	2
EQUI-5	killed	killed	1
SIMI-2	7	27	1
EQUI-5	injured	injured	1
SIMI-2	25	12	1
EQUI-5	in NW Pakistan	in NW Pakista	3
SIMI-2	12	6	1
SPE1-4	in bomb blast	in blast	2
EQUI-5	killed	killed	1
SIMI-2	Turkish police	British police	2
REL-3	Syria opposition vote	Syrian opposition	2
SPE1-4	peace talks	for talks	2
EQUI-5	kills	kills	1
SIMI-2	Syria car bomb	Sinai car bomb	3
SPE2-2	at least 12	at least 10 Egyptian soldiers	3
EQUI-5	hits	rises	1
SIMI-2	359	to 72	1
SPE1-4	Bangladesh building collapse death toll	Indian building collapse death toll	5
SIMI-3	in Afghanistan	in NW Pakistan	2
EQUI-5	killed	killed	1
SIMI-3	in `` insider '' attack	in bomb attack	3
SPE1-2	Two U.S. soldiers	8 soldiers	2
EQUI-5	Blast	Blast	1
EQUI-5	kills	kills	1
SPE1-3	10 young girls	nine	1
SIMI-3	in eastern Afghanistan	in southern Afghanistan	3
EQUI-5	at sea	at sea	2
SIMI-3	could end up	to destroy	2
SPE2-4	Syria 's chemical weapons	Syria chemical weapon stockpile	4
EQUI-5	in Pakistan	in Pakistan	2
EQUI-5	Gunmen	Gunmen	1
EQUI-5	kill	kill	1
SPE2-3	female politician	5 female teachers	2
EQUI-5	Ready	ready	1
EQUI-5	surgery	surgery	1
EQUI-5	Nelson Mandela	Nelson Mandela	2
EQUI-5	undergoes	undergoes	1
EQUI-5	China	China	1
EQUI-5	Dzhokhar Tsarnaev	Dzhokhar Tsarnaev	2
SPE2-4	to Boston bombing charges	in Boston Marathon bombing	4
REL-3	pleads not guilty	charged	1
SPE1-4	P.G. police	Police	1
EQUI-5	seeking	seek	1
REL-3	Egyptian army	Egypt 's Morsi	2
EQUI-5	Saturday 27th April	Saturday 27th April	3
EQUI-5	Cryptic crossword	Quiz crossword	2
EQUI-5	of breast cancer	about breast cancer	3
SPE2-3	Angelina Jolie	Angelina Jolie and the complex truth	2
SIMI-4	from Israeli prison	in Israel jails	3
SPE2-3	26 Palestinian prisoners	Palestinian prisoner	2
SPE1-3	evacuation of 5,000	mop-up operations	2
EQUI-5	near Damascus	near Damascus	2
REL-3	Syria regime	Syria army	2
EQUI-5	killed	Killed	1
SIMI-3	Twelve	Five	1
SIMI-3	raid	in Blasts	1
EQUI-5	to Snowden	to Snowden	2
EQUI-5	asylum	asylum	1
EQUI-5	offer	would grant	1
SIMI-2	Nicaragua , Venezuela	Bolivia	1
SIMI-1	after Alabama school bus shooting	in middle school shooting	4
EQUI-5	injured	injured	1
SIMI-2	50	138	1
EQUI-5	killed	killed	1
SIMI-4	5	3	1
SIMI-2	in Pakistan blast	in Boston blasts	3
EQUI-5	to strengthen	to strengthen	2
EQUI-5	occupied Palestinian territory	occupied Palestinian territory	3
EQUI-5	Palestinians	Palestinians	1
EQUI-5	on peace talks	on peace talks	3
EQUI-5	coordinate	coordinated	1
REL-2	Palestinians , Jordan	PA	1
SPE1-3	5	at least ten	1
EQUI-5	in Pakistan	in Pakistan	2
EQUI-5	kills	kills	1
REL-3	to dispute	cop on	2
SPE2-3	murder charge	seven attempted murder charges	2
SPE1-4	` Blade Runner ' Pistorius	Pistorius	1
SPE2-3	president	Former New Mexico Gov. Richardson	1
REL-3	Mexico	Former New Mexico Gov. Richardson	1
EQUI-5	killed	killed	1
EQUI-5	in clashes	in clashes	2
SPE2-2	Four	Student	1
SPE2-2	across Egypt	at Cairo 's Islamic university	2
SPE2-3	Afghan police 5 Taliban fighters	5 Taliban , 5 Afghan police	5
EQUI-5	kill	killed	1
SIMI-3	of Its Chemical Weapons Stockpile	Chemical Weapons	2
REL-2	Mixed reactions	legalizes	1
EQUI-5	to NZ same-sex marriage	New Zealand same-sex marriage	4
SIMI-2	Somalia 's Shebab	Syrian rebels	2
EQUI-5	claims	claim	1
EQUI-5	responsibility	responsibility	1
EQUI-5	Glasgow Helicopter Crash	Glasgow Helicopter Crash	3
REL-3	Braces	issues red alert	1
EQUI-5	India	India	1
SPE2-4	for Massive Cyclone	for cyclone Phailin	3
EQUI-5	Many	Many	1
EQUI-5	killed	killed	1
EQUI-5	Singapore shares	Singapore shares	2
EQUI-5	open	open	1
SIMI-4	on Friday	on Thursday	2
OPPO-4	lower	higher	1
SIMI-2	11 Dead	kill 89	2
SPE1-4	Northwest China	in China	2
SIMI-4	Two Earthquakes	Twin quakes	2
EQUI-5	to pro-Morsi protests	after pro-Morsi protest	3
REL-3	Egypt ministry	Egypt	1
EQUI-5	Kenyan forces	Kenyan forces	2
EQUI-5	caused	caused	1
EQUI-5	mall collapse	mall collapse	2
SIMI-4	500	to 580	1
SPE2-4	passes	climbs	1
EQUI-5	death toll	death toll	2
EQUI-5	Bangladesh building disaster	Bangladesh building collapse	3
EQUI-5	South Africa	South Africa	2
REL-3	taken	remains	1
EQUI-5	's Mandela	Mandela	1
EQUI-5	to hospital	in hospital	2
EQUI-5	drag	drag	1
EQUI-5	stocks	stocks	1
EQUI-5	lower	lower	1
EQUI-5	Weak earnings	Weak earnings	2
EQUI-5	Liquid ammonia leak	Liquid ammonia leak	3
EQUI-5	in Shanghai	in Shanghai	2
SPE1-4	15	at least 15	1
EQUI-5	kills	kills	1
SPE2-4	amid new sexting scandal	latest online sex scandal	4
EQUI-5	Weiner	Weiner	1
EQUI-5	defects	defects	1
EQUI-5	Syria military police chief	Syria military police chief	4
SIMI-2	to opposition	to rebels	2
EQUI-5	in Belgian coach crash	in Belgian bus crash	4
EQUI-5	Five killed	among 5 dead	2
EQUI-5	Swiss tourist	Swiss tourist	2
EQUI-5	gang-raped	gang raped	1
EQUI-5	in India	in India	2
EQUI-5	strike	launches	1
EQUI-5	Israel planes	Israel airstrike	2
EQUI-5	inside Syria	into Syria	2
EQUI-5	to change	to changes	2
EQUI-5	at BoE	at Bank of England	2
EQUI-5	high bar	high bar	2
EQUI-5	Carney	Carney	1
EQUI-5	sets	sets	1
EQUI-5	kill	kill	1
EQUI-5	Gunmen	Gunmen	1
SPE1-4	in northern Pakistan	in Pakistan	2
SPE2-4	10 foreign tourists	11 foreign climbers	3
EQUI-5	Doctor Who	's Doctor Who	2
EQUI-5	Matt Smith	Matt Smith	2
EQUI-5	to leave	quits	1
EQUI-5	China Yuan	China yuan	2
SIMI-4	to 6.168	to 6.1696	2
SIMI-3	Monday	Thursday	1
EQUI-5	Strengthens	strengthens	1
EQUI-5	against USD	against USD	2
EQUI-5	Ex-first lady Barbara Bush	Former first lady Barbara Bush	4
EQUI-5	leaves	leaves	1
SPE1-4	Texas hospital	hospital	1
EQUI-5	11	Eleven	1
EQUI-5	killed	killed	1
EQUI-5	in Chinese police station attack	in China police station attack	5
EQUI-5	50	50	1
EQUI-5	killed	killed	1
EQUI-5	crashes	crashes	1
SPE2-4	in Russia	in Russian city of Kazan	2
EQUI-5	Boeing airliner	Boeing airliner	2
EQUI-5	as New York mayor	as New York mayor	4
EQUI-5	succeeding	succeeding	1
EQUI-5	De Blasio	Bill De Blasio	2
EQUI-5	sworn in	sworn in	2
EQUI-5	Bloomberg	Michael Bloomberg	1
EQUI-5	from jail	from jail	2
EQUI-5	Pussy Riot member Alyokhina	Pussy Riot member Maria Alyokhina	4
EQUI-5	released	freed	1
EQUI-5	at San Francisco airport	at San Francisco airport	4
EQUI-5	crash lands	crash lands	2
SPE1-4	Asiana jet	Plane	1
EQUI-5	California wildfire	California wildfire	2
EQUI-5	as firefighters	fire crews	2
SIMI-4	labor	making progress	1
EQUI-5	hospitalized	hospitalised	1
EQUI-5	Mandela	Mandela	1
EQUI-5	army headquarters	army headquarters	2
EQUI-5	break into	storm	1
EQUI-5	Thai protesters	Thai protesters	2
SPE1-4	Egypt 's main opposition	Egypt opposition	2
SPE1-3	rejects	mulls response	1
EQUI-5	president 's call for dialogue	to Morsi dialogue call	4
EQUI-5	6.8 %	6.8 %	2
EQUI-5	starts up	Starts Up	2
EQUI-5	Housing in May	May Housing	2
EQUI-5	assumes	to Take Over	1
EQUI-5	's Castro	's Castro	2
EQUI-5	Cuba	Cuba	1
EQUI-5	CELAC presidency	CELAC Presidency	2
EQUI-5	trapped	trapped	1
EQUI-5	in India building collapse	in India building collapse	4
SPE2-3	Dozens	20	1
EQUI-5	Cardinals	Cardinals	1
SPE2-4	Vatican	Sistine Chapel	1
EQUI-5	enter	enter	1
SPE1-4	for historic vote	to elect pope	3
EQUI-5	for speeding	for speeding	2
EQUI-5	Zimmerman	Zimmerman	1
EQUI-5	in Texas	in Texas	2
EQUI-5	stopped	pulled over	1
EQUI-5	with warning	given warning	2
EQUI-5	unveils	unveils	1
EQUI-5	to Pacific	to Pacific	2
EQUI-5	$ 30 billion oil link	$ 25bn oil link	4
EQUI-5	Russia	Russia	1
EQUI-5	hits	hits	1
SPE2-4	Pakistan	SW Pakistan	1
SIMI-4	7.2-magnitude quake	7.7-magnitude earthquake	2
SIMI-4	zips	passes	1
SPE1-3	between Earth and satellites	Earth in fly-by	3
EQUI-5	Asteroid	Asteroid	1
EQUI-5	Mugabe	Mugabe	1
EQUI-5	declared	declared	1
EQUI-5	of disputed elections	in disputed vote	3
EQUI-5	winner	winner	1
SPE2-4	Muslim Brotherhood	Muslim Brotherhood ` activities '	2
EQUI-5	bans	bans	1
EQUI-5	Egyptian court	Egypt court	2
EQUI-5	by the Spokesperson	by the spokesperson	3
EQUI-5	in Iraq	in Iraq	2
SIMI-4	on the latest spate	on the resumption	3
SPE2-4	of High Representative Catherine Ashton	of the EU High Representative , Catherine Ashton	5
SPE2-4	of attacks	of executions	2
EQUI-5	Statement	Statement	1
EQUI-5	agains NSA leaker	against Snowden over leaks	3
EQUI-5	files	files	1
EQUI-5	espionage charges	espionage charges	2
EQUI-5	U.S.	US	1
EQUI-5	Chinese general	Chinese general	2
EQUI-5	's son	's son	2
EQUI-5	gets	gets	1
EQUI-5	10 years jail	10 years ' jail	3
SPE2-4	for rape	for gang-rape	2
EQUI-5	Moderate earthquake	Moderate earthquake	2
EQUI-5	jolts	hits	1
SIMI-3	NW Pakistan	southern Pakistan	2
EQUI-5	on Morsi Supporters	on Mohamed Morsi supporters	3
EQUI-5	Backs	backs	1
EQUI-5	Iraq	Iraq	1
EQUI-5	Egypt Crackdown	Egypt crackdown	2
EQUI-5	Hrithik Roshan , wife Sussanne	Hrithik Roshan , Sussanne	4
EQUI-5	part ways	to divorce	2
SIMI-1	in Russia plane crash	in Italy coach crash	4
EQUI-5	rises	rises	1
EQUI-5	Death toll	Death toll	2
EQUI-5	Suicide bomber	Suicide bomber	2
SIMI-4	hits	strikes	1
SIMI-2	in Iraq	in Syria	2
SPE2-3	in Presidential Election	Mali Presidential Election	3
SPE2-4	in Pak	in NW Pakistan	2
EQUI-5	against US drone strikes	in U.S. drone strike	4
SIMI-4	Suicide bomber	Suicide bombers	2
EQUI-5	in Afghanistan	in Afghanistan	2
SPE1-4	kills	attack	1
EQUI-5	at US base	US base	2
SPE2-2	iPhone	iPhone 4 imports	1
REL-3	Apple revenue	for Samsung	2
EQUI-5	killed	killed	1
SIMI-3	23	10	1
SPE1-4	in Iraq car bombings	in Iraq bomb attack	4
EQUI-5	survives	survives	1
SIMI-2	Egypt minister	Syrian prime minister	2
EQUI-5	assassination attempt	assassination attempt	2
EQUI-5	's execution	executed	1
SIMI-4	over Jamaat leader	Bangladesh Islamist leader	3
REL-4	in Bangladesh clashes over Jamaat leader	Bangladesh Islamist leader	3
SIMI-3	540	1,000	1
SPE1-4	hits	passes	1
EQUI-5	Bangladesh building collapse death toll	Bangladesh building collapse death toll	5
SPE2-3	China	China and Taiwan	1
SPE1-3	to resume	hold	1
SPE1-2	US investment talks	historic talks	2
EQUI-5	kills	kills	1
SPE1-1	soldiers	16	1
SIMI-2	Yemen suicide bombing	Female suicide bomber	3
EQUI-5	fire	fire	1
EQUI-5	protesters	at protesters	1
SIMI-2	in Tunis	in Cairo	2
EQUI-5	tear gas	tear gas	2
EQUI-5	Police	Police	1
EQUI-5	Tokyo 2020 Olympic Games	in 2020 Tokyo Olympics	4
EQUI-5	Nelson Mandela	Nelson Mandela	2
OPPO-4	taken	released	1
OPPO-4	to hospital	from hospital	2
SPE2-4	of Abu Qatada	radical cleric Abu Qatada	3
EQUI-5	to deport	to deport	2
EQUI-5	Britain	Britain	1
SPE2-4	as Thais Protest	Thai protest day	3
SPE2-4	Shots , Explosions	Gunshots , explosions	3
EQUI-5	North Korea	North Korea	2
EQUI-5	in History	in History	2
EQUI-5	Today	Today	1
SIMI-3	April 23	Jan. 21	2
REL-2	of Talibanisation	About Israeli Airstrikes	2
EQUI-5	in Syria	in Syria	2
SPE2-2	Iran	Russia , China	1
SPE1-4	in Colo. home	in US home	3
SPE2-3	3 more dead	4 dead	2
EQUI-5	Police	after police	1
SPE1-3	kill	standoff	1
EQUI-5	gunman	with gunman	1
EQUI-5	Fight	to fight	1
REL-3	Islamist Tactics	northern Islamist militants	2
REL-3	for Mali Town	Mali army	2
REL-3	for Syrian Chemical Weapons Transport	Syria Chemical Weapons	3
EQUI-5	killed	killed	1
EQUI-5	wounded	wounded	1
EQUI-5	in Iraq	in Iraq	2
SIMI-3	2	15	1
SIMI-2	11	90	1
SPE2-4	in attacks	in fresh attacks	2
EQUI-5	for war crimes	on war crimes	3
SIMI-1	first lawmaker	British PM	2
REL-2	Police	Politicians	1
SPE1-2	in Belfast flag protests	in flag violence talks	4
OPPO-4	S. Korea	North Korea	2
EQUI-5	proposes	proposes	1
SPE1-2	` final ' N. Korea talks	high-level talks	2
EQUI-5	kill	Kill	1
REL-3	Pakistani	in Pakistan	1
EQUI-5	Gunmen	Gunmen	1
SIMI-4	9 foreign tourists	11 Foreign Tourists	3
EQUI-5	Palestinians	Palestinians	1
EQUI-5	in Bangladesh protest	in Bangladesh Protest	3
EQUI-5	die	Killed	1
SIMI-2	32	1	1
EQUI-5	amid protests	on protesters	2
EQUI-5	Google	Google	1
SPE2-4	on gay rights	gay marriage	2
EQUI-5	Syria	in Syria	1
SPE2-4	strikes	Air strikes	1
EQUI-5	The San Francisco plane crash	in San Francisco air crash	5
SIMI-2	X'mas cruise passengers	Missing cruise passenger	3
SIMI-3	Wednesday	Friday	1
EQUI-5	close	close	1
EQUI-5	Chinese shares	Chinese shares	2
OPPO-4	lower	higher	1
EQUI-5	Calif man	Calif. man	2
EQUI-5	not guilty	not guilty	2
SIMI-2	in girl kidnap case	in terrorism case	3
EQUI-5	pleads	pleads	1
SIMI-2	Dec. 4	Jan. 24	2
EQUI-5	close	close	1
OPPO-4	higher	lower	1
EQUI-5	China stock index futures	China stock index futures	4
SPE2-4	Palestinians	Two Palestinians	1
EQUI-5	in Gaza	on Gaza	2
SPE2-3	by Israeli fire	in an Israeli Air Strike	3
SPE2-3	hit	Killed	1
SIMI-2	in south China road accident	in Philippine road accident	4
SIMI-2	7	20	1
SIMI-2	3	44	1
EQUI-5	injured	injured	1
EQUI-5	killed	killed	1
SPE1-4	About Boston Marathon News	of Boston Marathon	3
SIMI-1	Books	Report	1
REL-3	killed	trapped	1
SIMI-2	Motorists	Cars	1
SIMI-4	after Japanese tunnel collapses	in tunnel collapse outside Tokyo	4
REL-3	Friends of Syria	Syria talks	2
EQUI-5	rebels	to rebels	1
SIMI-3	on arming	military aid	2
REL-3	talks	Syria talks	1
EQUI-5	clash with	clash with	2
EQUI-5	at Jantar Mantar	at Jantar Mantar	3
EQUI-5	police	police	1
SPE1-4	ABVP protesters	Protesters	1
EQUI-5	charged	charged	1
SPE1-4	with terrorism offences	with terrorism	2
SPE2-2	Two men	Saudi-born Nigerian	2
REL-3	mostly foreigners	Briton	1
EQUI-5	killed	among dead	1
EQUI-5	in Kabul suicide attack	in Kabul suicide attack	4
SPE2-1	Up to 21	Briton	1
SIMI-2	Tokyo shares	Singapore stocks	2
SIMI-2	0.88 pc	0.44 pct	2
EQUI-5	close	close	1
EQUI-5	lower	lower	1
SIMI-2	U. S	Philippines	1
EQUI-5	strikes	strikes	1
SIMI-3	4.1 magnitude quake	7.2 magnitude earthquake	3
REL-3	official	ministry	1
SIMI-3	35 militants	12 militants	2
EQUI-5	killed	killed	1
EQUI-5	in Afghan raids	in Afghan raids	3
EQUI-5	's Hugo Chavez	Hugo Chavez	2
REL-2	Venezuela	Venezuelan officials	1
EQUI-5	The Note	The Note	2
EQUI-5	's Must-Reads	's Must-Reads	2
SIMI-4	for Monday	for Tuesday	2
SIMI-3	November 25 , 2013	October 8 , 2013	4
SIMI-4	at political impasse	political crisis	2
EQUI-5	North	North Korea	1
EQUI-5	Fired	launches	1
SPE2-4	Missiles	short-range missiles	1
EQUI-5	in Afghanistan	in Afghanistan	2
SPE1-3	killed	attacks	1
SPE1-3	38 Taliban militants	Taliban	1
REL-2	economic traps	economic growth	2
REL-2	two Afghan kids	in Afghanistan	2
EQUI-5	kills	dies	1
REL-3	Nato airstrike	Nato solider	2
SIMI-3	pledges	support	1
EQUI-5	in Mali	in Mali	2
SIMI-4	France	Most French	1
SIMI-3	military aid	military operation	2
SPE2-3	in debt ceiling talks	to US debt ceiling deal	4
SPE1-3	Reid	Senate leaders	1
EQUI-5	jolts	jolts	1
SIMI-3	6.2 magnitude quake	4.3-magnitude earthquake	2
SIMI-2	Sarangani	SW China	1
REL-3	Obama	U.S.	1
EQUI-5	has been captured	captures	1
EQUI-5	US	US	1
EQUI-5	al-Qaeda leader	al-Qaeda leader	2
SPE1-3	Ukrainian Prime Minister Azarov and entire government	Ukrainian officials	2
EQUI-5	George Zimmerman	after Zimmerman	2
EQUI-5	found not guilty	acquitted	1
EQUI-5	of Trayvon Martin murder	of Trayvon Martin murder	4
EQUI-5	of shutdown	shutdown	1
REL-4	US government	Obama	1
REL-3	Obama economic tour	Obama	1
SIMI-1	France	Arab League	1
EQUI-5	on Syria	on Syria	2
EQUI-5	Welcomes	welcomes	1
EQUI-5	US-Russia Deal	US-Russian deal	2
EQUI-5	puts	puts	1
EQUI-5	Syria strike	Syria strike	2
EQUI-5	Obama	Obama	1
EQUI-5	on hold	on hold	2
SPE1-4	ailing Nadal	Rafa Nadal	2
EQUI-5	Australian Open	Australian Open	2
EQUI-5	to miss	to miss	2
EQUI-5	Egyptian court	Egypt court	2
EQUI-5	Mubarak	of Mubarak	1
EQUI-5	's release	release	1
SPE2-3	considers	orders	1
EQUI-5	to Marry	Plans To Get Married	2
EQUI-5	Van der Sloot	Joran Van Der Sloots	3
SPE2-4	in Prison	In Peru Prison	2
EQUI-5	to plead	to Plead	2
EQUI-5	Jesse Jackson Jr. and wife	Jesse Jackson Jr. , Wife	5
EQUI-5	guilty	Guilty	1
EQUI-5	to fraud	to Fraud	2
SPE1-4	BBC veteran Hall	Stuart Hall	2
EQUI-5	child sex abuse	Sex Assaults On Children	3
EQUI-5	admits	Admits	1
EQUI-5	to watch	to watch	2
SIMI-3	on Monday	on Thursday	2
EQUI-5	Stocks	Stocks	1
EQUI-5	at close	at close	2
EQUI-5	Queen Beatrix	Queen Beatrix	2
EQUI-5	to abdicate	abdicates	1
EQUI-5	for son	in favor of son	2
EQUI-5	of The Netherlands	of the Netherlands	3
EQUI-5	Philadelphia building	Philadelphia building	2
EQUI-5	collapses	collapses	1
SPE1-4	8-10 people	of people	2
SIMI-4	may be trapped	trapped	1
EQUI-5	sets off	set	1
REL-3	gun control debate	on gun control bill	3
EQUI-5	U.S. Senate	U.S. Senate	2
EQUI-5	immune system	human immunity	2
EQUI-5	Red grapes and blueberries	Red grapes , blueberries	4
EQUI-5	boost	boost	1
EQUI-5	Buys	to acquire	1
SPE1-3	Cloud-Based , Networked Firewall Specialist Stonesoft	firewall Stonesoft	2
EQUI-5	For $ 389M	for $ 389 million	3
SPE1-4	Intel 's McAfee	McAfee	1
EQUI-5	Alleged cop killer	Alleged cop killer	3
EQUI-5	from shot	from gunshot	2
EQUI-5	died	died	1
EQUI-5	Musharraf	Musharraf	1
EQUI-5	arrested	arrested	1
REL-2	in Lal Masjid case	in Pakistan	2
SPE1-4	test-fires	launches	1
EQUI-5	North Korea	North Korea	2
EQUI-5	short-range missiles	short-range missiles	2
EQUI-5	Indian stocks	Indian stocks	2
SIMI-3	flat	lower	1
EQUI-5	open	open	1
EQUI-5	talks	talks	1
SPE1-4	resume	begin	1
EQUI-5	Israelis , Palestinians	Israelis , Palestinians	3
EQUI-5	in UK crash	in British crash	3
EQUI-5	killed	killed	1
SPE1-4	Four U.S. Air Force helicopter crew members	US Air Force helicopter crew	5
SIMI-4	Australian senator	Australian lawmaker	2
EQUI-5	Malaysia	Malaysia	1
EQUI-5	at airport	at airport	2
EQUI-5	detains	detains	1
EQUI-5	as horse meat scandal	horsemeat scandal	2
EQUI-5	bombs	bombs	1
SPE1-4	at Great Barrier Reef	near Australia 's Great Barrier Reef	4
EQUI-5	dumps	jettisons	1
SPE2-4	U.S.	U.S. military	1
SIMI-4	in Texas wind farm	in Texas wind farm project	4
EQUI-5	Google	Google	1
EQUI-5	invests	invests	1
EQUI-5	$ 200 million	200 million USD	3
EQUI-5	Preston and England legend Tom Finney	Former England great Tom Finney	5
EQUI-5	dies	dies	1
EQUI-5	at 91	at 91	2
SIMI-4	Roadside bombs	Roadside bomb	2
EQUI-5	in Afghanistan	in Afghanistan	2
SPE2-3	5	3 policemen	1
EQUI-5	kill	kills	1
EQUI-5	in Pakistan	in Pakistan	2
EQUI-5	Kill	kill	1
EQUI-5	Gunmen	Gunmen	1
SPE2-4	11 Foreign Tourists	11 foreign climbers	3
EQUI-5	Demolition work	Demolition work	2
EQUI-5	begins	to begin	1
SPE1-4	on Don Valley Stadium	at stadium	2
EQUI-5	to step down	to step down	3
EQUI-5	Chairman	Chairman	1
SPE2-4	of easyJet	of British no-frills airline easyJet	2
EQUI-5	in Afghan Insider Attack	in Afghan ` insider attack '	4
SPE1-3	US Troops	NATO troops	2
EQUI-5	Killed	killed	1
SIMI-4	nets	hits	1
EQUI-5	Messi	Messi	1
SPE1-4	300th , 301st goals	300th Barcelona goal	3
SPE2-4	in Barcelona win	in comeback win	3
EQUI-5	shot dead	slain	1
SPE2-4	Tunisian opposition politician	Tunisia opposition leader	3
EQUI-5	Whistleblower Edward Snowden	NSA whistleblower Edward Snowden	3
EQUI-5	to Moscow	to Moscow	2
EQUI-5	flies	on flight	1
REL-4	in Afghanistan	in Afghan attack	2
EQUI-5	killed	killed	1
SIMI-4	Two NATO soldiers	NATO soldier	2
EQUI-5	$ 250 Million	$ 250 Million	3
EQUI-5	Washington Post	For The Washington Post	2
SIMI-4	Bets	Pays	1
EQUI-5	Jeff Bezos	Jeff Bezos	2
SPE2-4	Purge	Purge of Kim uncle	1
EQUI-5	sends	sends	1
EQUI-5	's elite	's elite	2
EQUI-5	to North Korea	to North Korea	3
EQUI-5	chilling message	chilling message	2
SPE1-3	of Christmas Day flooding	more flooding	2
SIMI-4	Heavy rain	Fresh rain	2
SPE2-3	raises threat	brings	1
EQUI-5	begin	start	1
EQUI-5	Iran nuke talks	Iran nuclear talks	3
EQUI-5	for $ 250 million	for $ 250-M	3
EQUI-5	's Bezos	's Bezos	2
EQUI-5	Amazon	Amazon	1
EQUI-5	to buy	buys	1
EQUI-5	the Washington Post	Washington Post	2
EQUI-5	to retire	Retires	1
EQUI-5	David Beckham	David Beckham	2
EQUI-5	Libya	Libya	1
SPE1-4	abruptly closes	closes	1
EQUI-5	its borders	borders	1
EQUI-5	hurt	hurt	1
EQUI-5	Meteorite	Meteorite	1
SPE2-3	more than 500 people	400	1
EQUI-5	central Russia	central Russia	2
EQUI-5	hits	hits	1
EQUI-5	killed	killed	1
SPE2-3	in fighting in northern Syria	in Syrian air strike	4
SPE1-3	123	Many	1
SIMI-4	Muslim Brotherhood assets	Muslim Brotherhood funds	3
EQUI-5	Egypt	Egypt	1
EQUI-5	freezes	freezes	1
SPE1-4	as new Australian PM	As Australia PM	3
EQUI-5	sworn in	Sworn In	2
EQUI-5	Tony Abbott	Tony Abbott	2
EQUI-5	meets	meets	1
SPE1-4	Venezuela assembly	Assembly	1
SPE1-4	amid Chavez health crisis	amid Chavez crisis	3
SIMI-3	protest	defiant	1
REL-3	in Egypt	in face of Egypt govt threat	2
EQUI-5	Morsi supporters	Morsi backers	2
EQUI-5	hits	hits	1
SPE1-4	fresh record high	fresh record	2
EQUI-5	Eurozone jobless	EU jobless	2
REL-3	Cash	on Cyprus banks	1
REL-3	Cypriots	on Cyprus banks	1
EQUI-5	of Banks	on Cyprus banks	2
REL-3	Try to Get	run	1
SPE1-3	Bailout Tax	Bailout terms	2
EQUI-5	knighthood	a knighthood	1
EQUI-5	deserves	deserves	1
EQUI-5	David Cameron	David Cameron	2
EQUI-5	Andy Murray	Andy Murray	2
EQUI-5	killed	dead	1
EQUI-5	Three Afghans	Three Afghans	2
SPE1-3	in suicide attack	in new blast	3
EQUI-5	Nelson Mandela	Mandela	1
EQUI-5	for Tests	for tests	2
EQUI-5	in Hospital	in hospital	2
EQUI-5	Vinnie Jones	Vinnie Jones	2
SPE2-4	cancer battle new	he has skin cancer	3
EQUI-5	reveals	reveals	1
EQUI-5	violate	violate	1
EQUI-5	Pakistan	Pakistan	1
SPE2-4	US drones	US drone strikes	2
EQUI-5	's sovereignty	's sovereignty	2
EQUI-5	UN	UN	1
SPE2-4	trader	rogue trader	1
EQUI-5	asked	asked	1
EQUI-5	with minister	with minister	2
EQUI-5	Oil firm	Oil firm	2
EQUI-5	about meeting	about meeting	2
EQUI-5	South Africa	South Africa	2
SIMI-4	Mistake	possible ` mistake '	1
REL-3	Over ` Schizophrenic ' Mandela Signer	at Mandela memorial	3
EQUI-5	Admits	admits	1
SIMI-3	Over ` Schizophrenic ' Mandela Signer	over deaf signer	3
EQUI-5	on third day	on third day	3
SPE1-4	US stocks	Stocks	1
SPE2-4	of shutdown	of government shutdown	2
EQUI-5	tumble	fall	1
SPE2-4	in Afghanistan attack	in Afghan ` insider attack '	3
EQUI-5	killed	killed	1
SPE1-3	NATO 3 troops	NATO troops	2
EQUI-5	to Attend	to attend	2
SPE2-3	Syria Regime	Syria , opposition	2
EQUI-5	Agrees	agree	1
EQUI-5	Peace Conference	peace conference	2
EQUI-5	lands	lands	1
SPE2-4	as Boeing 777 jet crash	Asiana Air Boeing 777 crash	5
EQUI-5	at San Francisco airport	at San Francisco airport	4
EQUI-5	Delhi gang rape victim	Delhi gang rape victim	4
REL-2	dies	flown	1
EQUI-5	in Singapore hospital	to Singapore hospital	3
EQUI-5	to Review	to review	2
EQUI-5	Ban Ki-moon	Ban	1
EQUI-5	Syria Chemical Arms Accord	Syria chemical arms accord	4
REL-2	UN resolution	Germany	1
REL-3	Syria chemical arms	Syria chemical mission	3
SIMI-3	of terrorism charges	on non-terrorism charges	3
OPPO-4	acquitted	convicted	1
EQUI-5	NATO protesters	NATO protesters	2
EQUI-5	in Pakistan	Pakistan	1
SPE2-4	over Syria action	on Syria military action	3
SIMI-2	Obama	Cameron	1
EQUI-5	Syria opposition	Syria opposition	2
EQUI-5	talks	to talks	1
SIMI-4	Anti-government protesters	Ukraine protesters	2
REL-3	the streets of Kyiv	Lenin statue	2
SIMI-3	storm	topple	1
SIMI-2	three	seven	1
EQUI-5	US drone strike	US drone strike	3
SPE2-4	in northwest Pakistan	in North Waziristan	3
EQUI-5	kills	kills	1
SIMI-2	to 35 Years	for 10 years	3
REL-4	Sentenced	jailed	1
EQUI-5	kills	kills	1
SPE2-4	's south	's Volgograd	2
EQUI-5	in Russia	in Russia	2
SIMI-4	13	16	1
EQUI-5	Suicide bomber	Suicide bomber	2
EQUI-5	Bangladesh building collapse death toll	Bangladesh building-collapse toll	3
SIMI-3	540	600	1
SIMI-4	hits	tops	1
EQUI-5	Nelson Mandela	Nelson Mandela	2
SIMI-2	Oct. 14	March 12	2
EQUI-5	Hushen 300 Index	Hushen 300 Index	3
EQUI-5	closes	closes	1
EQUI-5	for first time	for first time	3
SPE1-4	's long-ruling coalition	's ruling coalition	3
EQUI-5	Malaysia	Malaysia	1
REL-4	to power	majority	1
SIMI-4	hangs on	wins	1
EQUI-5	19 hurt	19 hurt	2
SPE2-4	in New Orleans shooting	in NOLA Mother 's Day shooting	4
EQUI-5	Malaysia	Malaysia	1
SPE1-4	May 5 as date	date	1
EQUI-5	sets	sets	1
SIMI-3	for closely contested election	for landmark elections	3
SPE1-4	from Calgary homes	From Canada Homes	3
EQUI-5	forces	Forces	1
EQUI-5	Floods	Flooding	1
EQUI-5	75,000	75,000	1
EQUI-5	Moscow vote	Moscow vote	2
SIMI-4	suggest	shows	1
EQUI-5	wins	wins	1
EQUI-5	Exit polls	Exit polls	2
EQUI-5	Putin ally	Putin ally	2
SPE2-4	Dhawan	Dhawan ton	1
SIMI-4	smashes	sets up	1
EQUI-5	over South Africa	over South Africa	3
EQUI-5	India to big win	India Trophy win	3
EQUI-5	kills	kills	1
SIMI-4	3 militants	4 militants	2
SPE1-4	Suspected US drone	U.S. drone	2
EQUI-5	in Pakistan	in Pakistan	2
REL-4	papacy	of Vatican	1
EQUI-5	with prayer	for Prayers	2
SPE2-4	Francis	Pope Francis	1
EQUI-5	's Sinai	's Sinai	2
EQUI-5	released	release	1
SPE2-4	Britons	two Britons	1
SIMI-4	after kidnapping	seized	1
EQUI-5	in Egypt	in Egypt	2
SIMI-4	European backlash	by European countries	2
SPE2-4	over settlement plan	over latest settlement plans	3
SIMI-4	faces	called to account	1
EQUI-5	Israel	Israel	1
EQUI-5	Allen	Allen	1
EQUI-5	's abuse claims	's abuse claims	3
EQUI-5	to Farrow	against Farrow	2
SIMI-3	responds	defends	1
EQUI-5	in Moscow	in Moscow	2
EQUI-5	Snowden	Edward Snowden	1
EQUI-5	's father	's father	2
SIMI-2	accelerate	expands	1
EQUI-5	Facebook earnings	Facebook profits	2
EQUI-5	jump	jump	1
EQUI-5	reach	reach	1
EQUI-5	Rogers , Videotron	Rogers , Videotron	3
SPE2-4	with network-sharing deal	network-sharing , spectrum deal	3
SPE2-2	Bangladesh Islamist execution	Bangladesh opposition leader	3
EQUI-5	upheld	executes	1
EQUI-5	on new Italian government	Italy new coalition government	4
EQUI-5	declared	Named	1
EQUI-5	tallest building in U.S.	Tallest US Building	3
SPE1-4	New World Trade Center	One World Trade Center	4
EQUI-5	Piers Morgan	Piers Morgan	2
EQUI-5	questioned	Interviewed	1
EQUI-5	by police	by Police	2
EQUI-5	Egypt Crackdown	Egypt crackdown	2
EQUI-5	Draws	sparks	1
SPE2-3	Condemnation	global outrage	1
EQUI-5	Philippines , rebels	Philippines and rebels	3
SPE2-4	reach wealth-sharing deal	reach ` wealth deal '	3
SPE2-4	Imran	Imran Khan	1
EQUI-5	from four NA seats	from four NA seats	4
EQUI-5	to contest	to contest	2
SPE1-4	Pro-Pak Taliban warlord	Taliban commander	2
EQUI-5	killed	killed	1
EQUI-5	in US drone strike	in US drone strike	4
EQUI-5	20	20	1
EQUI-5	kills	kills	1
SPE1-4	in northwest Syria	in northern Syria	3
EQUI-5	Car bomb	Car bomb	2
EQUI-5	sentenced	sentences	1
EQUI-5	for drug smuggling	for drug smuggling	3
EQUI-5	in Egypt	Egypt	1
EQUI-5	to death	to death	2
SPE2-3	Five foreigners	Pakistani amid 5	2
SPE2-4	on new constitution	on divisive constitution	3
EQUI-5	votes	vote	1
EQUI-5	Egypt	Egyptians	1
EQUI-5	of cancer	of cancer	2
EQUI-5	Fukushima disaster	Fukushima disaster	2
EQUI-5	who battled	who battled	2
EQUI-5	dies	dies	1
SPE2-3	Man	Former plant chief	1
SPE2-3	over alleged bribery	with accepting $ 3m bribe	3
SIMI-4	Nigeria lawmaker	Nigerian MP	2
EQUI-5	charged	charged	1
EQUI-5	to speak	to deliver statement	2
EQUI-5	on Syria	on Syria	2
EQUI-5	from White House	at White House	3
EQUI-5	Obama	Obama	1
SPE1-4	at 1:15 p.m. EDT	at 1:15 PM	3
EQUI-5	tallest building in US	Tallest US Building	3
SPE1-4	New World Trade Centre	One World Trade Center	4
EQUI-5	hits	hits	1
EQUI-5	Strong new quake	Powerful new earthquake	3
EQUI-5	shattered Pak region	shattered Pakistan region	3
EQUI-5	Fashion designer Lilly Pulitzer	Designer , Socialite Lilly Pulitzer	4
EQUI-5	dies	Dies	1
SIMI-4	Four dead	Five dead	2
SPE2-4	in Indonesia train accident	as Indonesia train collides with fuel truck	4
EQUI-5	wins	is crowned	1
EQUI-5	Miss New York	Miss New York	3
EQUI-5	Miss America crown	Miss America	2
SPE2-4	Austrian	Austrian man	1
REL-3	hoarding	are found	1
EQUI-5	56 stolen skulls	after 56 human skulls	3
SPE1-4	in home museum	at his home	3
SPE2-2	found	charged	1
EQUI-5	protest	protest	1
EQUI-5	Thousands	Thousands	1
EQUI-5	gay marriage	gay marriage	2
SPE1-4	China 's 1st Pilot Free Trade Zone	Shanghai Free Trade Zone	4
EQUI-5	Opens	begins operation	1
EQUI-5	Gas cylinder blast	Deadly Gas Cylinder Blast	3
SPE1-4	kills	Hits	1
EQUI-5	on Pakistan school bus	Pakistan School Bus	3
EQUI-5	Brazil	across Brazil	1
EQUI-5	Protests	Protests	1
REL-2	sweep	planned	1
SIMI-4	despite concession	despite concessions	2
EQUI-5	South Korean Workers	South Korean workers	3
SIMI-4	Start	set	1
EQUI-5	Joint Factory Zone	joint factory zone	3
EQUI-5	Leaving	to leave	1
EQUI-5	software guru John McAfee	software guru McAfee	3
EQUI-5	arrests	Held	1
EQUI-5	Guatemala	in Guatemala	1
EQUI-5	to tornado-ravaged Oklahoma	tornado hit Oklahoma	3
EQUI-5	travels	visits	1
EQUI-5	Obama	Obama	1
SIMI-4	in Central African Republic fighting	in Central African Republic after clashes	5
SPE2-3	Dozens dead	98 dead	2
EQUI-5	upgrades	upgrades	1
SIMI-4	Fitch	Moody 's	1
EQUI-5	Greek credit rating	Greek credit rating	3
EQUI-5	into Australian Open quarter-finals	to Australian Open quarterfinals	4
SIMI-4	cruises	to advance	1
EQUI-5	Ferrer	Ferrer	1
EQUI-5	sworn in	sworn in	2
EQUI-5	as Egypt interim president	as Egypt interim president	4
EQUI-5	Top judge Mansour	Justice Adly Mansour	3
SPE1-1	key Al-Shabaab recruiter , financier	Pair	1
SPE2-4	Kenyan police	Kenya By Anti-Terror Police	2
EQUI-5	arrest	Arrested	1
EQUI-5	explodes	explodes	1
EQUI-5	two people	2	1
EQUI-5	Bomb	Bomb	1
SPE2-4	at Greek shopping mall	at Athens shopping mall	4
EQUI-5	injured	wounded	1
EQUI-5	Three dead	3 dead	2
EQUI-5	in Maryland mall shooting	in Maryland mall shooting	4
EQUI-5	killed	killed	1
SIMI-4	7	6	1
REL-3	Vies	Wins	1
EQUI-5	Merkel	Merkel	1
EQUI-5	in Germany Elections	in Germany Election	3
EQUI-5	for banned substance	for banned substance	3
EQUI-5	test	tests	1
SIMI-3	Sprinters Tyson Gay and Asafa Powell	US sprinter Tyson Gay	4
EQUI-5	positive	positive	1
EQUI-5	Egypt court	Egypt court	2
EQUI-5	of Mubarak	Mubarak	1
EQUI-5	orders	orders	1
EQUI-5	release	freed	1
EQUI-5	Women	Women drivers	1
EQUI-5	to face	to face	2
EQUI-5	higher car insurance premiums	insurance premium rise	3
SPE2-4	in first talks	first nuclear talks	3
EQUI-5	Iran , atomic agency	IAEA , Iran	3
EQUI-5	since Rowhani election	since Rohani election	3
EQUI-5	US Military Aircraft	US military aircraft	3
EQUI-5	in S. Sudan	in South Sudan	3
EQUI-5	Hit	shot at	1
REL-2	Chinese general	of Chinese army singers	2
EQUI-5	10 years jail	10 years ' jail	3
EQUI-5	's son	Son	1
EQUI-5	gets	gets	1
SPE2-4	for rape	for gang rape	2
EQUI-5	adamant	adamant	1
EQUI-5	the other Taliban	the other Taleban	3
EQUI-5	on fighting	on fighting	2
EQUI-5	In Pakistan army	Pak army	2
EQUI-5	's Boycott Warning	's boycott warning	3
EQUI-5	Kerry	Kerry	1
EQUI-5	Slams	slams	1
EQUI-5	Israeli Minister	Israeli minister	2
SPE1-4	Myanmar 's Suu Kyi	Suu Kyi	2
EQUI-5	urges	urges	1
EQUI-5	party unity	party unity	2
EQUI-5	amid squabbles	amid squabbles	2
EQUI-5	defense contractors	defense firms	2
EQUI-5	discuss	discuss	1
SPE1-4	harm of automatic spending cuts	automatic spending cuts	3
EQUI-5	White House	White House	2
EQUI-5	arrested	arrested	1
SPE2-4	Former Zambian president	Zambia 's ex-President Rupiah Banda	3
SPE2-3	of upbeat data	on Strong US Jobs Data	3
SIMI-4	rally	up	1
EQUI-5	Asian shares	Asian Markets	2
EQUI-5	APGA National Leader	APGA national leader	3
EQUI-5	Bianca Ojukwu	Bianca Ojukwu	2
REL-3	Names	becomes	1
EQUI-5	in western China	in western China	3
SPE1-3	47 people	at least 75	2
EQUI-5	kills	kills	1
EQUI-5	Strong earthquake	Strong earthquake	2
EQUI-5	for asylum	for granting asylum	2
EQUI-5	Snowden	Snowden	1
EQUI-5	Russia	Russia	1
EQUI-5	thanks	thanks	1
EQUI-5	take	seize	1
EQUI-5	French forces	French forces	2
SPE1-4	key Mali town	key town	2
EQUI-5	leaves	leaves	1
EQUI-5	Pakistan 's Malala	Malala	1
SPE2-4	hospital	British hospital	1
EQUI-5	dead	dead	1
EQUI-5	in swimming pool at essex hotel	in Essex hotel swimming pool	5
EQUI-5	found	found	1
SPE2-4	two	Man and woman	1
SPE1-4	in Shawal Area	in Miranshah	2
EQUI-5	US drone strike	US drone strike	3
EQUI-5	Pakistan	Pakistan	1
EQUI-5	condemns	condemns	1
SPE1-4	Iran 's Ahmadinejad	Ahmadinejad	1
EQUI-5	charges	charges	1
EQUI-5	over election appearance	over election appearance	3
EQUI-5	may face	may face	2
EQUI-5	edge	edge	1
SPE1-4	US stock futures	Stock futures	2
EQUI-5	up	higher	1
EQUI-5	EU	EU	1
SPE1-4	renews	lifts	1
EQUI-5	against Zimbabwe	against Zimbabwe	2
SPE2-4	sanctions	diamond sanctions	1
EQUI-5	US-Russia	US-Russia	1
EQUI-5	reach agreement	reach agreement	2
SPE2-4	on Syria	on Syria weapons	2
EQUI-5	cancels	canceled	1
EQUI-5	Obama	Obama	1
EQUI-5	Moscow meeting	meeting	1
EQUI-5	with Putin	with Putin	2
SIMI-4	after affair allegations	over affair claims	3
EQUI-5	threatens	threatens	1
EQUI-5	legal action	legal action	2
EQUI-5	Hollande	Franois Hollande	1
EQUI-5	over war crime allegations	over war crime allegations	4
EQUI-5	Sri Lanka	Sri Lanka	2
EQUI-5	puts on notice	warned	1
EQUI-5	for metro	for metro	2
EQUI-5	traffic chaos	traffic chaos	2
EQUI-5	to ease	to ease	2
EQUI-5	prays	prays	1
EQUI-5	Indonesian capital	Jakarta	1
EQUI-5	in Hezbollah Stronghold	Hezbollah stronghold	2
EQUI-5	in Lebanon	in Lebanon	2
SPE1-3	Wounds 15	rocks	1
EQUI-5	Car Bomb	Car bomb	2
REL-4	as new Pakistani Taliban leader	Pakistani Taliban chief Hakimullah Mehsud	5
EQUI-5	after Hakimullah Mehsud	Pakistani Taliban chief Hakimullah Mehsud	3
EQUI-5	killed	killed	1
EQUI-5	in drone strike	in drone strike	3
EQUI-5	releases	releases	1
SPE1-3	top Afghan Taliban prisoner	seven Afghan Taliban fighters	4
EQUI-5	Pakistan	Pakistan	1
EQUI-5	kills	kills	1
SPE2-1	9	guard	1
EQUI-5	Suicide bomber	Suicide bomber	2
SIMI-2	0.39 %	2.47 %	2
EQUI-5	close	close	1
EQUI-5	Stocks	Stocks	1
EQUI-5	higher	higher	1
EQUI-5	in Pakistan	in Pakistan	2
SIMI-1	one soldier	6 polio workers	2
EQUI-5	Gunmen	Gunmen	1
EQUI-5	kill	kill	1
EQUI-5	of Syria	of Syria	2
EQUI-5	's chemical weapons	's Chemical Weapons	3
EQUI-5	Destruction	Destruction	1
REL-4	to Israel , Palestinians	for Israeli-Palestinian Talks	3
SIMI-3	Obama	Kerry	1
SPE2-3	Syria	Russia , Syria	1
REL-3	chemical weapons	on ` Concrete ' Chemical Weapons Plan	2
EQUI-5	Resigns	resigns	1
SIMI-2	Italian Prime Minister Mario Monti	Palestinian Prime Minister Fayyad	4
EQUI-5	in Bethlehem	of Bethlehem	2
SPE1-4	in Hebron	in West Bank	2
SIMI-4	Israeli soldier	Israeli soldiers	2
SIMI-3	Palestinian child	Palestinian woman	2
SIMI-2	hits	kill	1
SIMI-3	attack	drive back	1
SPE2-4	French forces	Hundreds of French troops	2
SIMI-4	al-Qaeda 's Mali allies	north Mali al-Qaida-linked rebels	4
SPE2-4	Military Operation	international force	2
SIMI-4	Mounts	mulls	1
EQUI-5	Algeria	Algeria	1
SPE1-4	Al Qaeda Hostages	for hostages	2
EQUI-5	Man	Man	1
EQUI-5	arrested to Buckingham Palace	After Buckingham Palace Arrest	4
SPE2-4	over prisoner release	Palestinian prisoners release	3
SIMI-2	Netanyahu	Yacimovich	1
EQUI-5	stands	Stands	1
SPE2-4	's Brotherhood	Muslim Brotherhood	2
EQUI-5	Egypt	Egypt	1
SIMI-2	4 NATO Troops	Eight NATO Troops	3
EQUI-5	Killed	Killed	1
EQUI-5	in Afghanistan	In Afghanistan	2
EQUI-5	killed	killed	1
SIMI-2	At least 45	At least 13	3
EQUI-5	in Venezuela prison riot	in Venezuela prison riot	4
SPE1-3	61	Dozens	1
EQUI-5	killed	killed	1
EQUI-5	Egypt	Egypt	1
SPE2-4	's Brotherhood	's Muslim Brotherhood	2
EQUI-5	TV weatherman Fred Talbot	Weatherman Fred Talbot	3
EQUI-5	arrested	Held	1
SIMI-4	over sex claims	Over ` Sex Abuse '	3
SPE1-4	feared trapped	trapped	1
EQUI-5	Building collapses in India	India building collapse	3
SPE1-4	25	dozens	1
SIMI-4	at Morsi rally	at Morsi rallies	3
SPE1-4	in Cairo	in Egypt	2
EQUI-5	as clashes	in clashes	2
SPE2-3	Dozens die	More than 70 dead	2
SPE2-4	Spanish train crash driver	Spanish train driver Garzon	4
EQUI-5	to be questioned	to be questioned	3
SPE1-4	in Afghan ` insider attack '	in Afghan	2
EQUI-5	ISAF soldier	British soldier	2
SPE2-4	killed	shot dead	1
EQUI-5	in India	in India	2
EQUI-5	Swiss tourist	Swiss tourist	2
EQUI-5	gang-raped	gang-raped	1
EQUI-5	petrol pumps	petrol pumps	2
SIMI-4	No plan	rejects proposal	2
REL-4	Moily	India govt	1
EQUI-5	at night	at night	2
EQUI-5	to shut	to shut	2
SPE1-4	Karzai	Afghan president	1
SPE1-4	for Taliban peace talks	for Taliban talks	3
EQUI-5	Pakistan	to Pakistan	1
EQUI-5	to visit	visit	1
SPE1-4	after car crash	In Crash	2
EQUI-5	die	Killed	1
EQUI-5	Three	Three	1
SPE2-4	at Tian ` anmen	At Tiananmen Square	3
SPE1-3	two consecutive life terms	life	1
EQUI-5	given	gets	1
EQUI-5	` Whitey ' Bulger	Whitey Bulger	2
EQUI-5	Japan	Japan	1
EQUI-5	to annual 1.1 pct	to annual 1.1 %	4
EQUI-5	GDP growth	's GDP growth	2
EQUI-5	Algeria hostage crisis	Algeria hostage crisis	3
EQUI-5	ends	ends	1
EQUI-5	against USD	against USD	2
EQUI-5	China yuan	China yuan	2
EQUI-5	strengthens	strengthens	1
SPE1-3	to 6.2689	to new high	2
EQUI-5	continue	continue	1
SIMI-1	in tense Ukraine capital	in Brazil	2
EQUI-5	Protests	Protests	1
SPE1-3	arrests	bans	1
REL-4	Muslim Brotherhood Supreme Guide	Muslim Brotherhood group	3
EQUI-5	Egypt	Egypt	1
SPE2-1	nine people	3 policemen	2
EQUI-5	Gunmen	Gunmen	1
SIMI-2	in northwest Pakistan	in Iraq	2
EQUI-5	kill	kill	1
EQUI-5	Forex & Gold	Forex & Gold	3
SIMI-4	6 March 2013	12 March 2013	3
EQUI-5	chemical weapons	's chemical weapons	2
REL-4	U.S.	UN	1
EQUI-5	Syria	Syria	1
REL-3	new leader	Pakistani Taleban chief	2
SPE2-4	after drone strike	in US drone strike	3
SPE2-4	Pakistani Taliban	Pakistani Taleban chief	2
EQUI-5	Syria envoy	Syria envoy	2
EQUI-5	calls	calls	1
REL-3	for National Unity Government	for political change	3
SPE2-4	In Election	Snap Elections	2
REL-4	Protest	Protesters	1
SIMI-2	Against Berlusconi	Bulgaria President	2
EQUI-5	of icon Nelson Mandela	Mandela	1
SPE2-4	mourns	mourn , celebrate	1
SIMI-1	to Delhi	in Russia	2
EQUI-5	arrest	arrest	1
SIMI-3	announces	orders	1
REL-4	of 1,004 Muslim Brotherhood supporters	of Brotherhood chief Badie	4
EQUI-5	Egypt	Egypt	1
EQUI-5	Syrian Opposition	Syrian opposition	2
SPE1-2	Israeli	2	1
EQUI-5	arrested	detain	1
REL-3	2 advisors	new Cabinet	2
EQUI-5	Egypt	Egypt	1
EQUI-5	's interim president	's interim president	3
SIMI-3	China	China court	1
SIMI-3	in New York ambush	after deadly ambush	3
SPE1-3	killed	in guarded condition	1
SPE2-4	Two firefighters	Two New York firefighters	2
EQUI-5	kills	kills	1
SIMI-3	Car bombing	Suicide bomber	2
EQUI-5	in Pakistan	in Pakistan	2
SIMI-3	17	10	1
SPE2-4	2 Pussy Riot Members	Freed Pussy Riot pair	4
REL-2	in Krasnoyarsk	anti-Putin protests	2
SPE2-4	Stocks	Singapore stocks	1
SIMI-4	0.39 %	0.31 pct	2
EQUI-5	close	close	1
OPPO-4	higher	lower	1
REL-2	Syrian rebels	of Syria chemical arms use	2
REL-4	for chemical attack	of Syria chemical arms use	3
EQUI-5	Russia	Russia	1
EQUI-5	leave	leave	1
SIMI-2	six dead	18 dead	2
REL-4	Floods	Heavy rains	1
EQUI-5	in Philippines	in Philippines	2
EQUI-5	Houston Texans head coach Gary Kubiak	Texans coach Gary Kubiak	4
REL-3	hospitalized	in stable condition	1
EQUI-5	after collapsing	after collapse	2
REL-4	French train	French train passengers	2
REL-3	derails	of crash ordeal	1
EQUI-5	says	says	1
EQUI-5	Iran	Iran	1
SIMI-1	in Belfast	in Tunisia	2
SPE1-4	Brief clashes	clash	1
EQUI-5	with police	with police	2
EQUI-5	rises	rises	1
SIMI-1	China quake Death toll	China flu death toll	4
EQUI-5	in Syria	in Syria	2
REL-3	use of chemical weapons	over chemical weapons claims	4
REL-2	military modernization drive	Chinese vice premier	3
SIMI-3	Pacific trade pact	to regional trade pact	3
REL-2	New Japan govt	Japan , US	3
EQUI-5	dies	kills	1
SIMI-1	Suspected Saudi militant	6 militants	2
EQUI-5	India Ink	India Ink	2
SIMI-2	January 27	March 20	2
EQUI-5	Image	Image	1
EQUI-5	of the Day	of the Day	3
EQUI-5	from Bangladesh building collapse	in Bangladesh building collapse	4
SPE1-4	North Korean cargo	N Korean ship	3
REL-3	missile repair trade with Cuba	Cuba missiles	2
REL-2	reveals	seized	1
EQUI-5	on fiscal cliff	fiscal cliff	2
REL-4	as Obama	John Boehner	2
EQUI-5	Kerry	Kerry	1
REL-3	Russians	Russia	1
REL-3	Syria	to Syrian refugees	1
EQUI-5	into Lebanon	in Lebanon	2
EQUI-5	Pope Francis	Pope Francis	2
SPE2-4	Bombs	Only two bombs	1
SPE2-4	at Boston Marathon	in Boston Marathon attack	3
EQUI-5	with Sri Lanka	with Sri Lanka	3
SIMI-2	off Florida coast	on island of St Vincent	3
SIMI-3	4 dead	8 dead	2
SIMI-4	6.3-magnitude quake	Magnitude-6 .0 quake	2
EQUI-5	hits	jolts	1
SIMI-1	Honshu , Japan	Santa Cruz Islands	3
EQUI-5	CENC	CENC	1
SPE1-4	arrested Boston bomber	for Boston bomb suspect	3
SIMI-3	in SW China road accident	in E China road accident	5
SIMI-2	five	39	1
SIMI-2	10 dead	1 dead	2
EQUI-5	injured	injured	1
EQUI-5	Singapore stocks	Singapore stocks	2
SIMI-2	0.26 percent	0.11 pct	2
EQUI-5	end up	end up	2
EQUI-5	of the day	of the Day	3
SIMI-4	Pictures	Picture	1
REL-3	presidential elections	's interim president	2
EQUI-5	Egypt	Egypt	1
REL-2	before parliamentary polls	new Cabinet	2
EQUI-5	approve	approves	1
SIMI-3	Afghan legislators	Afghan president	2
SIMI-3	Buried	state funeral	1
EQUI-5	South Africans	South Africa	2
REL-4	Mourn	state funeral	1
EQUI-5	as Mandela	for Mandela	2
REL-3	Costa Concordia captain	Costa Concordia survivors	3
SPE1-4	for manslaughter	experience	1
EQUI-5	in Colorado floods	in Colorado flooding	3
SPE1-4	in bomb attacks	in fresh attacks	3
SIMI-3	133	90	1
EQUI-5	wounded	wounded	1
SIMI-4	17	15	1
SPE1-4	in northern Iraq	in Iraq	2
EQUI-5	killed	killed	1
EQUI-5	Cyprus bailout	Cyprus bailout	2
EQUI-5	Egypt	Egypt	1
REL-3	Muslim Brotherhood newspaper	Muslim Brotherhood deputy head	3
SPE1-4	towards Oklahoma City	Oklahoma City area	3
SIMI-3	heads	rake	1
SPE1-3	` Large and extremely dangerous ' tornado	as tornadoes	2
EQUI-5	Palestinian president	Palestinian president	2
EQUI-5	Residents	Residents	1
EQUI-5	return	return	1
OPPO-4	lower	higher	1
EQUI-5	Singapore stocks	Singapore stocks	2
EQUI-5	close	close	1
SIMI-2	0.44 pct	0.5 pct	2
SIMI-3	on Wednesday	on Friday	2
EQUI-5	close	close	1
EQUI-5	lower	lower	1
EQUI-5	Chinese shares	China stocks	2
SPE1-4	in Bangladesh factory fire	in Bangladesh factory	3
EQUI-5	Egypt court	Egypt court	2
SPE2-4	Mubarak release	Mubarak 's release request	2
SPE1-4	in southwest Pakistan	in Pakistan	2
EQUI-5	kills	kills	1
SIMI-2	10	39	1
SPE1-4	Egyptians	voters	1
REL-4	vote	at polls	1
REL-3	on Islamist-backed constitution	on Egypt constitution vote	3
SIMI-2	in Cairo	in Kiev	2
EQUI-5	clash	clash	1
SPE1-3	Morsi supporters	Protesters	1
EQUI-5	with riot police	with riot police	3
REL-3	Typhoon survivors	Typhoon Bopha	2
REL-2	Philippine stores	in S. Philippines	2
SIMI-2	40 missing	11 missing	2
SIMI-3	Five dead	8 dead	2
SPE2-4	in Bomb Blasts in Iraq	In Baquba Blasts	3
SIMI-3	At Least 66	At Least 47	3
EQUI-5	Killed	Killed	1
EQUI-5	rises	rises	1
SPE2-4	Palestinian prisoners	26 more Palestinian prisoners	2
EQUI-5	Israel	Israel	1
EQUI-5	to release	releases	1
SPE2-4	in US marathon bomb	in Boston marathon bombing	4
SIMI-2	in Ukraine	in Mali	2
EQUI-5	of Thousands	of thousands	2
SIMI-2	in Kyiv	in Bhutan	2
EQUI-5	Tens	Tens	1
EQUI-5	Obama	Obama	1
EQUI-5	economy	on economy	1
SIMI-3	to reignite	to act	2
SIMI-2	in UAE	in Egypt	2
EQUI-5	for elections	for elections	2
SIMI-2	Pak missions	Islamist parties	2
SPE1-4	question	arrest	1
SIMI-2	in deadly LA boardwalk crash	in deadly LA driving attack	5
SPE2-3	man	suspect	1
EQUI-5	Police	Police	1
