EQUI-5	A battery to a bulb	the bulb and the battery	5
SIMI-3	should connect	are	1
EQUI-5	in a closed path.	in a closed path	4
EQUI-5	is connected	is connected	2
SPE2-4	to the battery terminal.	to the negative battery terminal	4
SPE2-4	thebulb terminal	terminal 1	2
SPE1-4	in a closed path	in closed paths	3
EQUI-5	Bulb A and C	Bulbs A and C	4
EQUI-5	with the battery	with the battery	3
EQUI-5	still	still	1
SIMI-4	will be contained	are	1
REL-3	the voltage	different electrical states	2
EQUI-5	of the battery.	A battery	2
EQUI-5	to the battery	with the battery.	3
SPE2-4	a closed path	in the same closed path	3
EQUI-5	from terminal 1 and 2	Terminals 1 and 2	4
SPE2-2	between any two terminals.	Terminals 1, 2 and 3	4
SPE2-4	within closed paths	in a closed path	3
EQUI-5	are contained	are	1
EQUI-5	Bulb A and B	bulbs A and B	4
EQUI-5	are	are	1
SPE2-4	on a path	in the same path	3
SPE2-3	bulbs a, b, and c	A and C	3
SIMI-4	were	are	1
EQUI-5	on closed paths	in closed paths	3
EQUI-5	still	still	1
EQUI-5	contained	contained	1
EQUI-5	Bulbs A and C	Bulbs A and C	4
EQUI-5	with the batery	with the battery	3
EQUI-5	is connected	are connected	2
EQUI-5	Terminal five to the positive battery terminal.	Terminal 5 and the positive terminal	6
REL-4	electricity	different electrical states	1
EQUI-5	the battery	A battery	2
EQUI-5	terminal 1 to the positive terminal	Terminal 1 and the positive terminal	6
OPPO-4	is connected	are separated	2
OPPO-4	contained	are not	1
REL-2	"""bulb A""""s path switch Z"""	Switch Y and bulb A in the same closed path	5
OPPO-4	in an open path,	in a closed path	4
OPPO-4	was	was not	1
EQUI-5	Bulb C	Bulb C	2
SIMI-4	will be a gap	are not connected.	3
SPE1-3	between the positive battery terminal and the bulb terminal	the terminals	2
EQUI-5	is connected	is connected	2
EQUI-5	terminal 1	terminal 1	2
EQUI-5	to the negative battery terminal	to the negative battery terminal	5
SPE1-3	between the bulb terminal and the battery terminal.	the terminals	2
EQUI-5	is no connection	are not connected	3
EQUI-5	is not connected	are not connected	3
EQUI-5	terminal 1 to terminal 6.	Terminals 1 and 6	4
EQUI-5	for bulb a	Bulb A	2
EQUI-5	to a battery	with the battery.	3
EQUI-5	within a closed path	in a closed path	4
EQUI-5	Bulb A and B	A and B	3
EQUI-5	still	still	1
EQUI-5	are contained	are	1
REL-4	at the negative connection.	the battery	2
OPPO-4	to the positive battery terminal	to the negative battery terminal	5
EQUI-5	terminal 1	terminal 1	2
EQUI-5	is connected	is connected	2
REL-4	off	an incomplete circuit	1
SPE2-3	without bulb B	Bulbs A and C	3
EQUI-5	other closed path	in a closed path	3
REL-3	to the negative terminal of the battery	in the same electrical state	5
EQUI-5	are connected	are connected	2
EQUI-5	Terminal 1 and terminal 2	Terminals 1 and 2	4
EQUI-5	with the battery.	with the battery	3
EQUI-5	bulb b and c	B and C	3
EQUI-5	are contained	are	1
EQUI-5	in the same path	in the same path	4
OPPO-4	a gap	no gap	2
EQUI-5	there	there	1
EQUI-5	is	is	1
EQUI-5	are	is	1
SPE2-3	within the same path	in its own path	4
SPE1-3	bulb A and B	each bulb	2
SIMI-3	does not affect	are not	2
EQUI-5	switch Y of bulb A	Switch Y and bulb A	5
REL-4	the closed circuit	in the same closed path	3
REL-4	in a closed circuit	in closed paths	3
EQUI-5	with the battery terminal	with the battery	3
SIMI-4	were	are contained	1
EQUI-5	still	still	1
REL-4	the paths	Bulbs A and C	2
EQUI-5	is	is contained	1
EQUI-5	the battery	the battery	2
EQUI-5	on a closed path	in a closed path	4
EQUI-5	Circuit 4	in 4	2
EQUI-5	in a closed path.	in a closed path	4
EQUI-5	the battery	The battery	2
EQUI-5	is not contained	is not	2
EQUI-5	are connected	are	1
EQUI-5	still	still	1
EQUI-5	bulbs A and B	A and B	3
REL-4	to the closed circuit	in a closed path	4
EQUI-5	containing the battery	with the battery	3
REL-3	the voltage	different electrical states	2
EQUI-5	the terminals	at the terminals	2
EQUI-5	of the battery	A battery	2
EQUI-5	bulb b and c	bulbs B and C	4
SPE1-4	in a closed path	in closed paths	3
EQUI-5	still	still	1
EQUI-5	with the battery.	with the battery	3
EQUI-5	are	are	1
EQUI-5	with the battery	with the battery	3
EQUI-5	are contained	are	1
EQUI-5	in different paths	in different paths	3
EQUI-5	bulbs a and c	A and C	3
EQUI-5	is not separated	are not separated	3
EQUI-5	positive battery terminal from terminal 4	Terminal 4 and the positive terminal	6
EQUI-5	by a gap	by the gap	3
EQUI-5	is	are	1
SPE1-4	of the two terminals	The terminals	2
EQUI-5	no difference in electrical states	in the same state.	4
SIMI-3	does not effect	does not include	3
EQUI-5	bulbs B and C	with B and C	4
EQUI-5	switch X	X	1
EQUI-5	There	there	1
EQUI-5	a gap	a gap	2
EQUI-5	is	is	1
EQUI-5	in the circut.	in the circuit	3
EQUI-5	The battery terminals	at the terminals	3
EQUI-5	different electrical states.	different electrical states	3
SPE2-4	the terminals	Terminals 1, 2 and 3	2
EQUI-5	to the negative terminal of the battery.	to the negative battery terminal	5
EQUI-5	are connedted	are connected	2
SPE1-1	for bulb A	Switch Z, Switch X, Bulbs A and C and the battery	3
SPE1-2	switches X and Z	Switch Z, Switch X, Bulbs A and C and the battery	4
REL-4	the closed circuit	a closed path	3
EQUI-5	each bulb	each bulb	2
SIMI-4	has	is	1
EQUI-5	its own pathway	in its own path	3
REL-4	a gap in the circuit	in a closed path	4
OPPO-4	that	in a closed path	1
EQUI-5	C	Bulb C	1
OPPO-4	was	was not	1
EQUI-5	in different paths	in different paths	3
EQUI-5	Blub A and bulb C	A and C	3
SPE1-4	with the same battery.	with the battery	3
EQUI-5	are contained	are	1
EQUI-5	bulbs a and c	A and C	3
SPE2-4	ina closed path	in the same path	3
EQUI-5	are not contained	are not	2
EQUI-5	terminal 4 to the positive terminal	Terminal 4 and the positive terminal	6
EQUI-5	is connected	are connected	2
SPE2-4	the path	in the same path	2
REL-3	with the battery,	a bulb and a switch	3
EQUI-5	the switch	the switch	2
OPPO-4	doesnt affect	affects	1
EQUI-5	if	If	1
EQUI-5	are connected	are connected	2
EQUI-5	terminals 4,5, and 6	Terminals 4, 5 and 6	4
EQUI-5	to the positive terminal	to the positive battery terminal	4
REL-3	the voltage	different electrical states	2
EQUI-5	within the battery	A battery	2
REL-3	the bulb	the battery	2
SIMI-2	no difference	in the same electrical state	2
EQUI-5	terminal 1 and terminal 2	Terminals 1 and 2	4
EQUI-5	is connected	are connected	2
SPE2-3	terminal 6 to postive end of battery and the voltage meter	Terminal 6 and the positive terminal	6
EQUI-5	are connected	are connected	2
SPE2-4	the two terminals	Terminal 6 and the positive terminal	3
SIMI-2	the same	in the same electrical state	2
EQUI-5	terminal 1 and terminal 4	Terminals 1 and 4	4
OPPO-4	was not	is	1
EQUI-5	Switch Y of bulb A.	both	1
OPPO-4	on the path	no path	2
EQUI-5	Switch Y of bulb A.	switch Y and bulb A	5
OPPO-4	is seperated	is no gap	2
SPE1-4	The positive battery terminal from the negative battery terminal	between the terminals	3
EQUI-5	was not connected	was no longer	3
EQUI-5	to the battery.	with the battery	3
EQUI-5	bulb c	Bulb C	2
OPPO-4	a gap in the path	in a closed path	4
EQUI-5	Bulb A	bulb A	2
EQUI-5	is connected	are connected	2
SPE2-4	a terminal to the positive terminal of the battery	Terminal 4 and the positive terminal	6
EQUI-5	the path open	an open path	3
EQUI-5	bulb C	Bulb C	2
OPPO-4	was not contained	was	1
EQUI-5	with the battery	with the battery	3
EQUI-5	in a closed path	in a closed path	4
OPPO-4	still	no longer	1
EQUI-5	bulbs a and c	A and C	3
EQUI-5	have to be contained	must be contained	3
SPE2-3	Bulbs	The damaged bulb and the other bulb	1
SPE2-3	in closed paths	in the same path	3
EQUI-5	to the battery.	with the battery	3
EQUI-5	still	still	1
EQUI-5	on a closed path	in a closed path	4
EQUI-5	bulb A	Bulb A	2
SIMI-4	will be contained	is	1
SPE1-4	a closed path	in closed paths	3
EQUI-5	still	still	1
SIMI-4	had	are contained	1
EQUI-5	Bulb A and C	Bulbs A and C	4
EQUI-5	with the battery.	with the battery	3
EQUI-5	is contained	is contained	2
EQUI-5	with the battery	with the battery.	3
EQUI-5	bulb a	Bulb A	2
EQUI-5	in a closed path	in a closed path	4
SIMI-2	did not effect	are not in the same closed path	3
EQUI-5	Switch Y bulb A	Switch Y and bulb A	4
EQUI-5	the path was closed	in a closed path	4
EQUI-5	creates	creates	1
EQUI-5	The damaged bulb	a damaged bulb	3
EQUI-5	a gap	a gap	2
EQUI-5	The battery	The battery	2
EQUI-5	in a closed path.	in a closed path	4
EQUI-5	is not	is not	2
EQUI-5	by a gap	by the gap	3
EQUI-5	is not separated	are not separated	3
EQUI-5	the positive battery terminal from terminal 6.	Terminal 6 and the positive terminal	6
EQUI-5	in the path	in a path	3
REL-2	of the circuit	The battery	2
EQUI-5	in the path	which	1
SPE1-2	the bulb	any other components	2
EQUI-5	is not connected	are not connected	3
SPE2-4	the terminal to the battery terminal	the terminals	2
EQUI-5	there	there	1
EQUI-5	is	is	1
EQUI-5	a gap.	a gap	2
EQUI-5	a closed path.	the path	2
EQUI-5	is not	is not closed	2
EQUI-5	is not anymore	was no longer	3
EQUI-5	for bulb c	Bulb C	2
REL-4	a closed circuit	in a closed path	3
EQUI-5	in the circuit	in a circuit	3
EQUI-5	a gap	a gap	2
EQUI-5	there	there	1
SIMI-4	would be	is	1
EQUI-5	with the battery	with the battery	3
SPE1-4	in a closed path	in closed paths	3
EQUI-5	remain	are still	1
EQUI-5	bulbs b and c	bulbs B and C	4
EQUI-5	on a closed path	in a closed path	4
EQUI-5	battery	The battery	1
EQUI-5	on a closed path	which	1
EQUI-5	is contained	is contained	2
REL-2	the bulb holder	in a circuit	3
EQUI-5	a gap	a gap	2
EQUI-5	There	there	1
SIMI-4	will be	is	1
SPE1-4	in a closed path	in closed paths	3
EQUI-5	bulb a and bulb c	Bulbs A and C	4
EQUI-5	with the battery.	with the battery	3
EQUI-5	contained	contained	1
EQUI-5	still	still	1
SIMI-4	were	are	1
REL-4	in a closed circuit	in a closed path	4
SPE2-4	a and c	Bulbs A and C	3
EQUI-5	are	are	1
SPE1-4	The terminal to a negative terminal.	between the terminals	3
REL-4	is connected	is no gap	2
EQUI-5	are	are	1
SPE1-3	Bulb A, bulb B and bulb C	A and C	3
EQUI-5	in different closed paths.	in different paths	3
EQUI-5	is	are contained	1
EQUI-5	when	When	1
SPE2-4	on a closed path	in the same path	4
EQUI-5	the switch with the bulb	the switch and the bulb	5
EQUI-5	the bulb with a switch	the switch and the bulb	5
EQUI-5	is contained	are contained	2
SPE2-4	in a closed path	in the same path	4
SIMI-3	if	When	1
EQUI-5	as the battery	containing the battery	3
EQUI-5	in the same closed path	in the closed path	4
EQUI-5	the blub	The bulb	2
EQUI-5	is not contained	is not	2
SPE1-4	the two terminals	at the terminals	3
EQUI-5	different electrical states.	different electrical states	3
REL-4	the circuit path incomplete.	an incomplete circuit	3
SPE1-4	the positive battery terminal	Terminal 1 and the positive terminal	4
EQUI-5	by a gap	by the gap	3
EQUI-5	is separated	are separated	2
REL-4	in a closed circuit	in the same closed path	4
EQUI-5	were	were	1
EQUI-5	contained	contained	1
SPE2-4	B and C	Bulb B and Bulb C	3
EQUI-5	with the battery	with the battery.	3
EQUI-5	still	still	1
SPE1-4	bulbs A and C	A and C	3
EQUI-5	are not contained	are not	2
EQUI-5	in the same closed path.	in the same path	4
EQUI-5	terminal 1 to terminal 4	Terminals 1 and 4	4
EQUI-5	is connected	are connected	2
EQUI-5	with the battery	with the battery.	3
EQUI-5	bulb b and c	Bulb B and Bulb C	4
EQUI-5	still	still	1
EQUI-5	were	were contained	1
SPE2-4	in a closed path	in the same closed path	4
EQUI-5	B AND C	B and C	3
EQUI-5	A	A	1
SIMI-4	SHARE	containing	1
SIMI-4	IS	containing	1
SPE1-4	ON ITS ON PATH	a path	2
SPE2-4	A PATH	a different path	2
EQUI-5	the circut is not complete	an incomplete circuit	3
EQUI-5	containing	containing	1
REL-4	a closed circuit	a closed path	3
EQUI-5	a bulb and a battery	the bulb and a battery	5
EQUI-5	a bulb and a battery	both	1
EQUI-5	in a closed path	in a path	3
EQUI-5	The battery	The battery	2
EQUI-5	that	which	1
EQUI-5	is	is contained	1
EQUI-5	does not contain	does not contain	3
EQUI-5	any other components.	any other components	3
EQUI-5	Terminal 4 to the positive battery terminal.	Terminal 4 and the positive terminal	6
EQUI-5	is connected	are connected	2
EQUI-5	by a gap	by the gap	3
EQUI-5	was not separted	are not separated	3
SPE2-3	the batter termnal from terminal	Terminal 4 and the positive terminal	5
SPE2-3	"""Without A,"	If bulb A burns out,	2
OPPO-4	"no closed path"""	in a closed path	3
SPE2-3	the terminals	Terminal 1 and the positive terminal	2
SPE1-4	on a different path	in a closed path	4
EQUI-5	bulb A	Bulb A	2
EQUI-5	is	is contained	1
EQUI-5	in the same closed path,	in the same path	4
SIMI-3	if	When	1
EQUI-5	are contained	are contained	2
EQUI-5	a bulb and a switch	the switch and the bulb	5
EQUI-5	is not seperated	are not separated	3
SPE1-4	The positive terminal	Terminal 4 and the positive terminal	3
EQUI-5	from the gap	by the gap	3
OPPO-4	on the path	no path	2
EQUI-5	Switch Y of bulb A.	switch Y and bulb A	5
EQUI-5	Switch Y of bulb A.	both	1
OPPO-4	is not	is	1
SPE1-4	in the same path	in a closed path	4
EQUI-5	of bulb a.	Bulb A	2
EQUI-5	the positive battery terminak from terminal 4	Terminal 4 and the positive battery terminal	7
EQUI-5	has shorted out	is a short circuit	3
SPE2-2	a positive and negative connection	is connected to the negative battery terminal	5
SPE1-4	the positive terminal and negative terminal	at the terminals	3
EQUI-5	is no closed path	the path is not closed	4
EQUI-5	are not connected	are not connected	3
SPE1-4	The terminals	Terminals 1 and 6	2
EQUI-5	with the battery	with the battery.	3
REL-4	in a closed circuit	in a closed path	4
SIMI-4	was	is contained	1
EQUI-5	bulb a	Bulb A	2
EQUI-5	damaged,	damaged,	1
EQUI-5	ae contained	are	1
EQUI-5	if	If	1
EQUI-5	the bulb A and B	A and B	3
EQUI-5	C	C	1
EQUI-5	is	is	1
EQUI-5	in a closed path	in a closed path	4
EQUI-5	are not connected	are not connected	3
EQUI-5	the positive battery terminal and terminal 1	Terminal 1 and the positive terminal	6
REL-3	a closed circuit	in the same closed path	3
EQUI-5	terminal one to a positive battery terminal	Terminal 1 and the positive terminal	6
OPPO-4	is connected	are separated	2
SIMI-4	was a gap in the connection	are separated by the gap	5
EQUI-5	and	and	1
EQUI-5	bulbs B and C	B and C	3
EQUI-5	Bulb A	A	1
SPE1-3	on its own closed path	a path	2
SIMI-4	is	containing	1
SIMI-4	are	containing	1
REL-3	on the same closed path	a different path	3
EQUI-5	still	still	1
SIMI-4	were	are contained	1
EQUI-5	with the battery	with the battery	3
EQUI-5	on closed paths	in closed paths	3
EQUI-5	Bulbs A and C	Bulbs A and C	4
EQUI-5	is not connected	are not connected	3
SPE2-4	the terminal to the positive battery terminal	Terminal 1 and the positive terminal	6
SPE2-3	the terminal to the battery	terminal 1 to the negative battery terminal	5
EQUI-5	is connected	is connected	2
EQUI-5	is	is	1
EQUI-5	The battery	the battery	2
EQUI-5	in an open path	in an open path	4
EQUI-5	a gap	a gap	2
EQUI-5	A damaged bulb	a damaged bulb	3
EQUI-5	creates	creates	1
REL-4	the positive battery current	to the positive battery terminal	4
EQUI-5	of the gap	by a gap	3
SPE1-3	between the two battery terminals	at the terminals	3
SPE2-4	the electrical states	different electrical states	3
REL-3	voltage	different electrical states	1
EQUI-5	a battery	A battery	2
EQUI-5	still	still	1
EQUI-5	to battery	with the battery.	2
SIMI-4	have connection	are in a closed path	2
SPE1-2	switch Y and Z to bulb A.	A, C, Z and X	5
REL-3	connected	a path	1
EQUI-5	The battery and the bulb	the bulb and the battery	5
EQUI-5	in a closed path	in a closed path	4
SIMI-4	must be	are	1
SIMI-4	was	is	1
EQUI-5	no gap	no gap	2
EQUI-5	There	There	1
EQUI-5	between terminal 6 and the positive terminal.	between terminal 6 and the positive terminal	7
SIMI-4	were	are contained	1
SPE1-4	in a closed path	in closed paths	3
EQUI-5	with the battery	with the battery	3
EQUI-5	bulb a and bulb c	Bulbs A and C	4
EQUI-5	still	still	1
EQUI-5	the bulb	the bulb	2
EQUI-5	if	If	1
REL-2	will be off	affects	1
SPE2-3	the path	in the same path	2
SIMI-3	with itself.	does not contain any other components	2
EQUI-5	is	is contained	1
EQUI-5	in a closed path	which	1
EQUI-5	the battery	The battery	2
EQUI-5	in a closed path	in a closed path	4
EQUI-5	bulb a	Bulb A	2
EQUI-5	still	still	1
EQUI-5	with the battery	with the battery.	3
EQUI-5	was	was contained	1
SPE2-4	in a closed path	in the same closed path	4
EQUI-5	the terminals	the terminals	2
EQUI-5	are not connected	are not connected	3
EQUI-5	is	are contained	1
SIMI-3	if	When	1
EQUI-5	on the same path	in the same path	4
EQUI-5	the swithch the bulb	the switch and the bulb	4
EQUI-5	The ppositive battery terminal in terminal 6.	Terminal 6 and the positive terminal	6
EQUI-5	is connected	are connected	2
EQUI-5	for bulb a and c	Bulbs A and C	4
OPPO-4	a gap in the path	in closed paths	3
EQUI-5	terminal one to terminal six	Terminals 1 and 6	4
EQUI-5	is not connected	are not connected	3
EQUI-5	gap	by a gap	1
EQUI-5	in the closed path	in a closed path	4
EQUI-5	is	is	1
EQUI-5	bulb a	bulb A	2
EQUI-5	the negative side of the battery.	to the negative battery terminal	5
SPE2-3	the terminals	Terminals 1, 2 and 3	2
EQUI-5	is connected	are connected	2
EQUI-5	Terminal 4 to the positve battery terminal	Terminal 4 and the positive terminal	6
EQUI-5	in the pathway.	a path	2
SIMI-4	was	is	1
EQUI-5	there	there	1
EQUI-5	with the battery.	with the battery	3
EQUI-5	are	are	1
EQUI-5	in separate closed paths	in different paths	3
EQUI-5	Bulbs a and c	A and C	3
EQUI-5	in a closed path	in a closed path	4
SIMI-3	need to be	are	1
EQUI-5	The battery and bulb	the bulb and the battery	4
EQUI-5	are connected	are connected	2
EQUI-5	terminal 1 and terminal 4	Terminals 1 and 4	4
EQUI-5	If	If	1
EQUI-5	affects	affects	1
EQUI-5	the switch	the switch	2
SIMI-3	is connected	are	1
EQUI-5	a bulb.	the bulb	2
SPE2-4	the path	in the same path	2
REL-3	to the battery,	a bulb and a switch	3
REL-4	the circut	the path	2
EQUI-5	is no longer closed.	is not closed	3
REL-2	the gap	a chemical reaction	2
SIMI-4	a difference in electrical states	different electrical states	3
SPE1-4	"""the battery terminals"	the battery	2
EQUI-5	The positive battery terminal from terminal 4.	Terminal 4 and the positive battery terminal	7
EQUI-5	a gap	by a gap	2
EQUI-5	the positive battery terminal from terminal 4	Terminal 4 and the positive battery terminal	7
EQUI-5	terminal 1 and 4	Terminals 1 and 4	4
EQUI-5	connected	are connected	1
SPE2-4	the two terminals	Terminals 1 and 4	3
EQUI-5	are connected	are connected	2
SPE2-4	from bulb	Bulb A	2
EQUI-5	to battery	with the battery.	2
EQUI-5	a path	in a closed path	2
EQUI-5	are	are	1
EQUI-5	in closed paths.	in closed paths	3
EQUI-5	Bulb B and bulb C	bulbs B and C	4
EQUI-5	still	still	1
EQUI-5	in a closed path	which	1
EQUI-5	without another component.	does not contain any other components	3
EQUI-5	The battery	The battery	2
EQUI-5	is contaied	is contained	2
EQUI-5	in a closed path	in a path	3
EQUI-5	to the battery	with the battery	3
SPE1-4	a closed path	in closed paths	3
EQUI-5	without any devices	does not contain any other components	3
EQUI-5	in a closed path	which	1
EQUI-5	is contained	is contained	2
EQUI-5	in a closed path	in a closed path	4
EQUI-5	the battery	The battery	2
SPE1-4	a closed path	in closed paths	3
EQUI-5	contains	are contained	1
EQUI-5	still	still	1
EQUI-5	the battery and bulb a and bulb c	Bulbs A and C with the battery	7
SPE1-4	that	in closed paths	1
SPE2-3	Terminal	Terminals 1 and 2	1
EQUI-5	the same electrical state	in the same electrical state	4
OPPO-4	is separated	is	1
OPPO-4	by a gap	no gap	2
SPE1-3	The positive battery terminal from terminal 4.	between terminals 1 and 4	5
EQUI-5	the bulb and the switch	the switch and the bulb	5
SIMI-3	if	When	1
EQUI-5	are contained	are contained	2
SPE2-4	by a closed path	in the same path	4
EQUI-5	Terminal 1 and the positive terminal	Terminal 1 and the positive terminal	6
REL-2	different electrical states.	by the gap	3
SPE1-4	bulb a	A and B	2
EQUI-5	with bulb C	C	1
SIMI-4	will burn out	burns out,	2
EQUI-5	are connected	are connected	2
EQUI-5	terminal 1 and 2	Terminals 1 and 2	4
REL-3	a voltage decrease	A non-zero voltage	3
EQUI-5	a gap	by a gap.	2
EQUI-5	in the closed path	in.	1
EQUI-5	in the closed path	a closed path	3
EQUI-5	bulb c	C	1
EQUI-5	is not included	is not	2
EQUI-5	bulb a	bulb A	2
REL-3	creates a gap	burns out,	2
REL-3	between different terminals	the electrical state	3
EQUI-5	voltage	voltage	1
SPE1-4	the burnt out bulb	a damaged bulb.	3
EQUI-5	in a closed path	in a closed path	4
EQUI-5	is not contained	is not	2
EQUI-5	the battery	The battery	2
REL-3	between the positive and negative terminals of the battery	in the same electrical state	5
SPE2-3	terminals	Terminals 1 and 2	1
REL-3	no short circuit	a chemical reaction	3
EQUI-5	to the battery.	A battery	2
OPPO-4	is connected	are not connected	2
SPE1-3	Terminal 6 to the positive battery terminal	Terminals 1 and 6	4
SPE1-4	a different electrical state	different electrical states	3
EQUI-5	The battery	A battery	2
REL-3	the circuit	at the terminals	2
SPE1-3	bulb a	each bulb	2
EQUI-5	when	When	1
SIMI-2	is connected	are contained	2
SPE2-3	the switch between the bulb and the battery	the switch and the bulb	5
EQUI-5	within the same closed path	in the same closed path	5
SIMI-4	is contained	was contained	2
EQUI-5	bulb a	Bulb A	2
EQUI-5	as the battery	with the battery.	3
OPPO-4	in a dfferent path	in the same closed path	4
SPE1-4	Switch Y	Switch Y and bulb A	2
OPPO-4	was	are not	1
SIMI-4	are	were contained	1
EQUI-5	bulbs b and c	Bulb B and Bulb C	4
EQUI-5	with the battery.	with the battery.	3
SPE2-4	in a closed path	in the same closed path	4
EQUI-5	the gap	by the gap	2
SPE1-3	in terminal 2	Terminal 2 and the positive terminal	3
REL-3	of the paths.	no closed path	3
EQUI-5	a closed path	which	1
EQUI-5	with nothing else	does not contain any other components	3
EQUI-5	is	is contained	1
EQUI-5	the battery	The battery	2
EQUI-5	in a closed path	in a closed path	4
EQUI-5	with the battery	with the battery	3
EQUI-5	are	are	1
EQUI-5	bulbs a and c	Bulbs A and C	4
SPE1-4	on a closed path	in closed paths	3
OPPO-4	The light bulb	no bulb	2
OPPO-4	is not	is	1
EQUI-5	in a closed path	in a path	3
EQUI-5	in a closed path	in which	2
EQUI-5	in different paths	in different paths	3
EQUI-5	bulbs a and c	A and C	3
EQUI-5	are contained	are	1
EQUI-5	with the battery.	with the battery	3
EQUI-5	Bulb B and C	Bulb B and Bulb C	4
EQUI-5	were contained	were contained	2
SPE2-4	in a closed path	in the same closed path	4
EQUI-5	with the battery	with the battery.	3
EQUI-5	terminal 1 to terminal 6	Terminals 1 and 6	4
OPPO-4	is connected	are separated	2
REL-3	the voltage	different electrical states	2
EQUI-5	in the battery	A battery	2
EQUI-5	are	are contained	1
EQUI-5	the switch and the bulb	the switch and the bulb	5
EQUI-5	in the same path.	in the same path	4
SIMI-3	If	When	1
EQUI-5	"between the battery""""s"	A battery	2
SPE1-4	"two terminals"""	at the terminals	2
SIMI-4	"""the electrical state difference"	different electrical states	3
EQUI-5	a gap	by the gap	2
EQUI-5	between terminal 3 and the positive terminal	Terminal 3 and the positive terminal	6
SPE2-3	is	are separated	1
REL-3	The voltage	different electrical states	2
EQUI-5	the positive battery terminal from terminal 3.	Terminal 3 and the positive terminal	6
EQUI-5	by a gap	by the gap	3
EQUI-5	is separarted	are separated	2
OPPO-4	a gap	no gap	2
REL-3	in the connection.	between the terminals	3
EQUI-5	there	there	1
EQUI-5	is	is	1
EQUI-5	a gap	by a gap.	2
EQUI-5	the voltage	voltage	1
SPE2-4	between the terminals,	two terminals	2
EQUI-5	if	If	1
EQUI-5	the bulb	the bulb	2
SPE2-4	a path	in the same path	2
SIMI-3	is connected	are	1
REL-2	will be off.	affects	1
SPE2-3	to an oen switch,	a bulb and a switch	4
SPE1-4	to an oen switch,	the switch	2
EQUI-5	a closed path	in a closed path	3
EQUI-5	for B and C	bulbs B and C	4
EQUI-5	still	still	1
EQUI-5	complete paths	in closed paths	2
EQUI-5	to the battery	with the battery	3
EQUI-5	still	still	1
SIMI-4	Bulbs A and C	A and B	3
EQUI-5	are contained	are	1
EQUI-5	with the battery	with the battery.	3
SPE2-4	in closed paths	in a closed path	3
EQUI-5	bulb A	Bulb A	2
EQUI-5	was	was contained	1
REL-3	on	in the same closed path with the battery.	1
OPPO-4	are not	are	1
REL-4	on the same path	in different paths	3
EQUI-5	bulb a and bulb c bulb B	A, B and C	4
EQUI-5	the light bulb and battery	the bulb and the battery	5
EQUI-5	Both	the bulb and the battery	1
EQUI-5	in a closed path.	in a closed path	4
SIMI-4	must be	are	1
EQUI-5	of the battery	the battery	2
SIMI-3	the positive path	in an open path	3
REL-4	a closed circuit battery.	in a closed path	4
REL-4	voltage	A battery	1
EQUI-5	the terminals	at the terminals	2
SIMI-4	a difference in electrical states	different electrical states	3
REL-4	in the circuit	two terminals	2
EQUI-5	whether	whether	1
REL-3	electrical states	voltage	1
SIMI-4	will determine	indicates	1
SPE2-3	a gap or connection	by a gap.	3
OPPO-4	no gap	by the gap	2
EQUI-5	between the positive battery terminal and terminal 6	Terminal 6 and the positive terminal	6
OPPO-4	is	are not separated	1
EQUI-5	When	When	1
EQUI-5	is	are contained	1
SPE2-4	in the path	in the same path	3
EQUI-5	the switch of the bulb.	the switch and the bulb	5
EQUI-5	an open switch	the open switch	3
EQUI-5	a gap.	a gap	2
EQUI-5	creates	creates	1
EQUI-5	a complete path	a closed path	3
EQUI-5	still	still	1
SPE1-2	switch z to the battery	Switch Z, Switch X, Bulbs A and C and the battery	5
EQUI-5	of the gap	by a gap	3
EQUI-5	with a battery and bulb	the bulb and a battery	5
EQUI-5	A closed path	a closed path	3
EQUI-5	with a battery and bulb	containing both	2
EQUI-5	Bulb B	Bulb B	2
EQUI-5	in a independent path	in a separate path	4
EQUI-5	is	is	1
EQUI-5	are connected	are connected	2
REL-3	bulbs	Terminals 1, 2 and 3	1
EQUI-5	to the negative terminal of the battery	to the negative battery terminal	5
REL-4	the path	in a circuit	2
SPE2-3	will be damaged	is a gap	3
EQUI-5	is separated	are separated	2
EQUI-5	the positive terminal from terminal 3	Terminal 3 and the positive terminal	6
EQUI-5	by a gap	by the gap	3
EQUI-5	creates	creates	1
EQUI-5	a break	a gap	2
SPE2-4	A switch	the open switch	2
REL-3	the same voltage	in the same electrical state	3
EQUI-5	terminal 1 and 2	Terminals 1 and 2	4
EQUI-5	Switch Y Bulb A	Switch Y and bulb A	4
REL-4	in a different path	in the same closed path	4
OPPO-4	is	are not	1
SPE1-4	The two terminals of a battery	at the terminals	3
EQUI-5	a chemical reaction	a chemical reaction	3
SIMI-3	due to	uses	1
EQUI-5	inside the battery	A battery	2
SIMI-4	will always have	to maintain	2
EQUI-5	different electrical states	different electrical states	3
EQUI-5	by a gap	by a gap	3
EQUI-5	from terminal 4	terminal 4	2
EQUI-5	the negative batter terminal	from the negative battery terminal	4
EQUI-5	is seperated	is separated	2
REL-3	on the same closed path	a different path	3
REL-2	seperate	containing	1
EQUI-5	from bulb a	A	1
EQUI-5	bulbs b anc c	B and C	3
SIMI-3	are	containing	1
SPE1-3	the path between the battery and the light bulb	the path	2
EQUI-5	is not closed	is not closed	3
EQUI-5	are contained	are	1
REL-4	in the same path	in different paths	3
EQUI-5	bulb C and A	A and C	3
EQUI-5	the terminals	the terminals	2
SIMI-4	from not being connected	are not connected	3
EQUI-5	the positive batter terminal from terminal 4	Terminal 4 and the positive terminal	6
EQUI-5	a gap	by the gap	2
EQUI-5	does not have	are not separated	3
EQUI-5	on the same path	in the same path	4
EQUI-5	are	are	1
EQUI-5	as the battery	with the battery	3
EQUI-5	bulbs B and C	B and C	3
EQUI-5	terminal 1 to terminal 4	Terminals 1 and 4	4
EQUI-5	is connetced	are connected	2
SPE1-4	in their own closed paths	in closed paths	3
SIMI-4	will be	are	1
EQUI-5	b and c	bulbs B and C	3
EQUI-5	with the battery.	with the battery	3
SPE2-3	all the bulbs	A and C	3
REL-3	on parralel paths	in different paths	3
EQUI-5	are	are	1
EQUI-5	are connected	are connected	2
EQUI-5	to the positive battery terminal	to the positive battery terminal	5
EQUI-5	terminal 4, terminal 5, and terminal 6	Terminals 4, 5 and 6	5
EQUI-5	is	is	1
REL-3	no path	an incomplete circuit	2
EQUI-5	there	there	1
SIMI-3	from terminal 2 to terminal 6	Terminals 1 and 2	4
REL-2	a gap	in the same electrical state	2
SIMI-3	the same difference in electrical states	in the same electrical state	5
EQUI-5	terminal 1 and 2	Terminals 1 and 2	4
EQUI-5	to the negative battery terminal	to the negative battery terminal	5
EQUI-5	terminal one	terminal 1	2
EQUI-5	is connected	is connected	2
EQUI-5	Bulb A	bulb A	2
EQUI-5	bulbs B and C.	B and C	3
EQUI-5	is not	are no longer	2
SPE1-4	in the same path	in a closed path	4
SPE2-3	the switch between the bulb and the battery.	the switch and the bulb	5
SIMI-3	If	When	1
REL-2	a gap	in the same path	2
EQUI-5	the switch with the Bulb	the switch and the bulb	5
EQUI-5	is contained	are contained	2
EQUI-5	in the same path	in the same path	4
SIMI-3	If	When	1
EQUI-5	is	is	1
EQUI-5	no gap	no gap	2
EQUI-5	between the positive battery terminal and terminal 5	between terminal 5 and the positive terminal	7
EQUI-5	there	There	1
EQUI-5	are not connected	are not connected	3
EQUI-5	the terminals	the terminals	2
EQUI-5	between the bulb and the battery.	the bulb and a battery	5
REL-4	Closed connection	a closed path	2
EQUI-5	between the bulb and the battery.	both	1
SPE2-4	within a closed path	in the same path	4
EQUI-5	has to be	have to be	3
SPE2-3	the switch with the bulb and battery	The switch and the bulb	5
EQUI-5	terminal 6 to the positive terminal.	Terminal 6 and the positive terminal	6
EQUI-5	is connected	are connected	2
EQUI-5	in a closed path	in a closed path	4
EQUI-5	with a battery.	with the battery.	3
EQUI-5	Bulb a	Bulb A	2
SIMI-4	was	is contained	1
EQUI-5	the positive battery terminal to terminal 4.	Terminal 4 and the positive terminal	6
EQUI-5	is connected	are connected	2
EQUI-5	for bulb A	Bulb A	2
EQUI-5	the closed path	in a closed path	3
SIMI-4	existed	is contained	1
EQUI-5	still	still	1
EQUI-5	is connected	are connected	2
EQUI-5	if	If	1
SPE2-4	the path	in the same path	2
EQUI-5	the attery	The battery	2
EQUI-5	is not	is not	2
EQUI-5	in a closed path	in a closed path	4
SPE2-4	in a closed path	in the same closed path	4
EQUI-5	bulbs B and C	Bulb B and Bulb C	4
EQUI-5	with the battery.	with the battery.	3
EQUI-5	were	were contained	1
EQUI-5	still	still	1
EQUI-5	When	When	1
EQUI-5	in the same path	in the same path	4
EQUI-5	the switch the bulb.	the switch and the bulb	4
EQUI-5	is	are contained	1
EQUI-5	the path is not closed.	is no closed path	4
EQUI-5	Terminal 5 to the postive battery terminal	Terminal 5 and the positive terminal	6
EQUI-5	is connected	are connected	2
REL-4	because of the gap	are not connected	3
EQUI-5	is	are	1
EQUI-5	bulb B and C	bulbs B and C	4
EQUI-5	still	still	1
EQUI-5	with the battery.	with the battery	3
SPE1-4	a closed path	in closed paths	3
EQUI-5	battery	The battery	1
REL-2	in bulb	in a path	2
EQUI-5	is contained	is contained	2
EQUI-5	there	there	1
EQUI-5	a closed circuit.	a complete circuit	3
SIMI-4	must be	is	1
EQUI-5	are	are	1
EQUI-5	to the battery	with the battery	3
EQUI-5	b and c	bulbs B and C	3
REL-4	of complete circuts	in closed paths	3
EQUI-5	in a closed path	a closed path	3
REL-3	a positive and negative connections	are not connected	3
EQUI-5	a damaged bulb	a damaged bulb	3
EQUI-5	creates	creates	1
EQUI-5	a gap	a gap	2
EQUI-5	causes	creates	1
EQUI-5	an open switch	the open switch	3
EQUI-5	a gap.	a gap	2
EQUI-5	there	There	1
SPE2-2	by the switch	switch Y and bulb A	3
OPPO-4	a closed path	no path	2
SPE2-2	by the switch	both	1
SIMI-2	not effected	containing	1
SIMI-4	was	is	1
SIMI-4	is contained	must be contained	2
SPE1-3	the other bulb	The damaged bulb and the other bulb	3
SPE2-4	in a closed path	in the same path	4
SPE2-4	A closed path	in the same path	3
SIMI-2	enables to be on.	affects	1
EQUI-5	is	is contained	1
EQUI-5	the battery	the battery	2
EQUI-5	in a closed path.	in a path	3
EQUI-5	are contained	are	1
SPE1-4	in the same path	in a closed path	4
SPE2-2	the switch and the bulb	bulbs B and C	4
SPE2-4	closed paths	in a closed path	2
SPE1-3	from the battery	the bulb and the battery	3
EQUI-5	are contained	are	1
EQUI-5	Bulb A and C	A and C	3
EQUI-5	in different paths	in different paths	3
EQUI-5	with the battery.	with the battery	3
SPE2-3	between the bul and battery terminal.	between the terminals	3
EQUI-5	is	is	1
EQUI-5	there	there	1
OPPO-4	a gap	no gap	2
OPPO-4	is a gap	are connected	2
REL-3	from the positive battery terminal	in the same electrical state	5
EQUI-5	between terminals 1 and 2	Terminals 1 and 2	4
EQUI-5	Terminal 6 to the posititve battery terminal.	Terminal 6 and the positive terminal	6
EQUI-5	is connected	are connected	2
EQUI-5	in the path	in a path	3
EQUI-5	in the path	in which	2
EQUI-5	with no lightbulb	no bulb	2
EQUI-5	no gap	no gap	2
EQUI-5	there	There	1
EQUI-5	is	is	1
EQUI-5	between terminal 4 and the positive terminal	between terminal 4 and the positive terminal	7
SIMI-4	is contain	was contained	2
EQUI-5	Bulb A	Bulb A	2
SPE2-4	in a closed path	in the same closed path	4
SIMI-4	is	containing	1
SPE1-3	within its own closed path	a path	2
EQUI-5	of B and C	containing B and C	4
EQUI-5	Bulb A	A	1
SIMI-4	independent	a different path	1
SIMI-4	Terminal 1 to terminal 2	Terminals 1 and 4	4
EQUI-5	is connected	are connected	2
EQUI-5	by a gap	by the gap	3
EQUI-5	are seperated	are separated	2
EQUI-5	the positive terminal and terminal 1	Terminal 1 and the positive terminal	6
EQUI-5	is	are	1
EQUI-5	still	still	1
SPE1-4	a closed path	in closed paths	3
EQUI-5	the battery, Bulb B, and Bulb C.	bulbs B and C with the battery	7
OPPO-4	had no gap.	are separated by the gap	3
SPE1-3	terminal 1	Terminal 1 and the positive terminal	2
EQUI-5	Terminal 5 and the positive battery terminal	Terminal 5 and the positive terminal	6
REL-4	are in the same state.	are connected	2
REL-3	to the negative terminal	Terminals 1 and 2	4
EQUI-5	connected	are connected	1
OPPO-4	is not	is	1
OPPO-4	a complete path	no closed path	3
EQUI-5	there	there	1
SPE1-4	both battery terminals	the battery	2
EQUI-5	involving	containing	1
EQUI-5	no gap in the circuit.	in a closed path	4
EQUI-5	terminal 5 to the positive battery terminal.	Terminal 5 and the positive terminal	6
EQUI-5	is connected	are connected	2
SPE1-4	its own chemical reacion	a chemical reaction	3
SPE1-3	between the positive and negative tterminals	at the terminals	3
EQUI-5	the battery	A battery	2
SIMI-4	has	uses	1
EQUI-5	are	are	1
SPE2-4	bulbs by switches	a bulb and a switch	3
SPE2-4	bulbs by switches	the switch the bulb	3
SIMI-4	will be affected	affects	1
SPE2-4	in the path	in the same path	3
SIMI-4	is contained	must be contained	2
SPE1-4	the damaged lightbulb	The damaged bulb and the other bulb	3
REL-4	in the closed circuit	in the same path	4
SPE2-3	The bulb and the battery	the battery	2
EQUI-5	is connected	are connected	2
EQUI-5	terminal 6 to a positive battery terminal	Terminal 6 and the positive terminal	6
EQUI-5	still	still	1
REL-4	a connection	in closed paths	2
SIMI-2	have	are	1
EQUI-5	A and C	Bulbs A and C	3
EQUI-5	to the battery	with the battery	3
SPE2-3	between the terminals	terminal 1 from the negative battery terminal	3
EQUI-5	is no gap	is not separated	3
SPE2-3	of the terminals.	Terminal 1 and the positive terminal	3
REL-2	between the electrical state	by the gap	3
EQUI-5	Bulb A and Bulb C	A and C	3
EQUI-5	are contained	are	1
EQUI-5	with the battery.	with the battery	3
EQUI-5	in different paths	in different paths	3
SPE1-4	between the two terminals	at the terminals	3
SIMI-4	a difference in electrial states	different electrical states	3
EQUI-5	Terminal 5 to the positive battery terminal.	Terminal 5 and the positive terminal	6
EQUI-5	is connected	are connected	2
EQUI-5	the positive battery terminal from terminal 1	Terminal 1 and the positive terminal	6
EQUI-5	separates	are separated	1
EQUI-5	the gap	by the gap	2
SPE2-3	the path	in its own path	2
REL-4	the energy flow	the path	2
EQUI-5	on a cloosed battery	in a closed path with the battery.	4
EQUI-5	A	Bulb A	1
EQUI-5	is	is contained	1
EQUI-5	a battery	A battery	2
REL-3	a voltage	different electrical states	2
EQUI-5	an open path	in an open path	3
EQUI-5	is	is	1
EQUI-5	on the same path	in the same path	4
EQUI-5	are	are	1
SPE2-3	the bulbs	A and C	2
EQUI-5	is contained	are	1
EQUI-5	still	still	1
EQUI-5	Through bulb A, bulb B	A and B	3
EQUI-5	to the battery.	with the battery	3
EQUI-5	in a closed path	in a closed path	4
